-0.751062063591837,-0.555687659276849,-0.356534713542158
0.998454742982028,-0.0555698693992713,-0.000340340478452982
0.935360301305695,0.32704286895579,-0.134699920588271
0.9566930826738,-0.147127483542267,0.251180909208128
0.943969615262162,0.122957649866212,-0.306272398040018
-0.989495469935589,0.0233610192633011,0.142663862824215
-0.997952626637989,0.0341248748357021,0.0540929561383526
0.939308206331972,0.33951816917265,0.0492697302515954
0.978332388031989,-0.0567314315158789,0.199116255503627
-0.991710071003944,0.0530517313831763,-0.11703268289926
0.969427983416929,-0.239130781714306,0.0550077649508837
0.698637156327224,0.446370862128258,0.559159348702931
0.987400530788619,-0.134922132718552,-0.0826813757809564
-0.999704478171459,0.0200354789409117,-0.0137672040567291
0.993280647832894,-0.115572298921018,0.00604965807103242
-0.904180747473867,0.38995148038673,0.174341672705629
-0.976896945112509,0.213208105749946,-0.014651357355783
-0.999202888968638,0.000981392834389295,0.0399076877911021
0.786179463607565,-0.199670902491596,0.584853299298134
0.999110450133014,-0.0421565477691678,0.00106485453987565
0.827427025757622,0.164097933333579,-0.537062738720108
-0.683680973698186,0.648805567659708,-0.334113246634827
0.993946345509927,0.0589773858447331,-0.0926948229750827
-0.995964150328412,0.00170037208376623,-0.0897358345109804
0.987882408065003,0.11534234327481,-0.10384840722691
-0.983408538093546,0.135506971337206,-0.120604759125549
0.996741726573398,0.0253715994806453,-0.0765650863466803
0.544120327904915,0.554721776354342,-0.629457559807594
0.999022136303883,0.00727401304593507,0.0436103188366353
-0.925805831205471,-0.361098579635521,-0.111764836559431
-0.999867601837575,-0.0155242056143862,0.00487625221025572
-0.995758839592227,-0.0646683781245394,0.0654395464889736
-0.838338538055928,-0.524535980773908,0.148494109256237
0.99782198732566,-0.0473165066187389,0.0459611772136991
-0.99889162608733,-0.0263172517557445,0.0390246280268602
0.996798605465924,0.00618420201577493,0.0797138368579585
0.985106481734654,0.0562333493397386,-0.162490092209976
0.902175480559828,-0.369018831858599,0.223393160169147
-0.980572766169864,-0.191442452412966,0.0427415214994776
0.934589955164508,0.313826098594285,0.167495658292066
-0.976237563172995,-0.153867833220623,0.152593938772296
0.84180974895519,0.515374503384829,-0.160453943001851
0.928795976002691,0.250415404731191,0.273185211961633
0.964086358305802,0.037300854817742,-0.262956536253658
0.840119845995883,0.53388155880249,0.0957555509329799
0.992982231435684,0.0708477086001942,0.0946936652533386
-0.193212256920422,0.895763449710686,0.400345932835753
-0.998072821658064,-0.0210561357109068,-0.0583719266123255
0.994428737509217,-0.0860454771561994,0.0608905729714178
-0.99268782313612,-0.111813737132776,0.0454815785310173
-0.98545947808523,0.0859340329928039,-0.146577484715686
0.885121372447841,0.438174591091273,0.156726461575725
0.998575243954569,-0.0004039227520945,0.0533602755566636
0.994351288479122,0.0851752514051235,0.0633300216957466
-0.158919597868071,-0.927633754494176,0.337994347491921
-0.133512146176912,-0.418692212980491,0.898260172562902
0.999187698702625,0.0392984000698421,0.008920678970941
0.939331043267902,-0.0523358433172632,0.338995797403899
0.956872448169175,-0.0292669323526599,-0.289030386993123
-0.960263561004815,-0.272882456625943,0.058558161447757
0.983565851049082,-0.00335645555217503,-0.18051856097427
0.146340735309671,0.811630347710573,0.565544487962034
0.952919524776017,0.235281532222117,-0.191277233082933
-0.998192869568301,0.00410915199984347,-0.05995089668089
0.965859973999444,0.0523474325837842,0.253720824781252
-0.999389038656154,-0.0343887062274221,0.00624229909028815
0.99909029859715,0.0213118911461182,0.0369374951077371
-0.991529451859233,0.0856406020776356,0.0976474954697192
-0.964995591536256,-0.226715488343401,0.131846864432962
0.966266561671793,0.0232142883230875,-0.256495669773631
-0.999115098377751,0.0420313102438768,0.00154568845516433
0.968482774745566,-0.221311887976191,-0.114289821338307
-0.982310440559812,0.110418293468695,-0.151241524835774
-0.993895983965535,-0.0943641821223144,0.0571504522253933
0.996879284385491,-0.020940956888021,-0.0761128680821196
-0.990020332158442,-0.094080740418609,-0.104921666948127
-0.993889753190689,0.108603973737528,0.0197062272129781
0.982828875420923,0.0169672386263655,0.183737623943055
-0.99014579981478,-0.139813414462144,0.00796895511255089
0.957283243997748,0.00821312376948507,0.289035180140922
0.996524766220953,0.025056344327935,0.0794390956468831
-0.962409328316984,-0.269663904991739,-0.0323985047966479
-0.998369386562683,-0.0228108399768932,-0.0523281334847686
0.985286366396099,-0.161291854617684,0.0565306450340006
0.601195062662301,-0.0326750358730302,0.798433991423943
-0.926848969973747,0.374280588277302,0.0294113600059637
-0.989451827980284,-0.14224553263059,0.0274096434328216
-0.964073307860829,0.260520711669436,0.0518807850897684
0.967450429016976,-0.249571016475661,0.0418804862695619
0.990644104714478,0.0079695217731118,0.136237823372067
0.990154728831659,-0.0691767152441463,0.121688927353039
-0.964570262125318,0.00287586799573537,-0.26381042209656
-0.995603560277892,-0.0716450630852,-0.0603368519024911
-0.993976461584817,0.090445661729956,-0.0618900322310271
-0.999739258884418,0.00544575832806235,0.0221756163717514
-0.967917082609575,0.130345268268355,0.214817672067777
0.973798159368953,0.0940776935796252,-0.207042344413835
-0.998592232495793,-0.0168626296221672,0.0502912012313614
0.998103940107634,0.000517196896831325,-0.0615488200454388
-0.841786444975421,-0.508056351986498,-0.182412511253518
-0.998099648196107,0.0344754161829344,0.0510738480028736
-0.981114893363487,0.0347381889535736,-0.190280908786401
-0.999563271138838,-0.0291663855263589,-0.0047527829271649
0.999243425864239,-0.0375739484382035,-0.0100386386458938
-0.991703820710876,-0.0047274171552818,0.128456932527952
0.999686889264572,0.0202706714434601,-0.0146704911899714
0.516203517220377,0.367670783193637,-0.773532238497588
0.99900047402355,0.0330326330014167,0.0301147481762167
0.551759265199024,0.826870470487703,0.108843641534445
-0.998377834788867,-0.053527755410541,0.0194030513838293
0.988020732497947,0.111125277693271,0.107080366135972
-0.996159378874068,-0.0236097654512424,0.0843153061820195
-0.994918032106196,-0.0603873484337455,0.0805697060878091
-0.874044542142718,0.0178790754320347,0.485516711362464
-0.964510510782182,0.0764135653098,0.252745804371387
0.917184834853615,0.0827407042741329,-0.38977680096533
-0.937300565470167,-0.25669971708753,-0.235739061711223
0.775549192491258,-0.628772473765821,0.0562905521430341
-0.944265563525078,0.114419944514894,-0.308659394540122
0.483123341880555,-0.577193527222806,0.658361199238124
0.966644513004803,-0.00725943982066132,0.256018917291666
0.995370143196272,-0.0775357723194467,0.0568021306313487
0.930782920166888,-0.339293461195379,-0.136099605861515
0.985576775081773,-0.126715590269763,-0.112167640618845
-0.700673985223341,0.0961358618199467,-0.706975149848548
-0.988493436709899,-0.0960866497182192,-0.116825003006123
0.818725814284463,-0.401242549901117,-0.410721873258648
-0.969003047627505,-0.247000089657675,0.00490401852651246
0.944916066516829,0.00804273852791359,0.327213908010242
-0.99940683172893,0.0295895738926344,-0.0176193589665948
-0.997213526710502,0.0645107144855215,0.0374639808638952
-0.99268786080277,0.0872275661702315,-0.0834395752316549
-0.98909545588011,0.123642949153053,-0.0800162501124215
0.992639291198387,-0.0204264271991864,-0.11937335817108
-0.710093371703149,-0.666606781732569,0.226721860462108
0.991652031947988,-0.121356415363574,-0.0435760023812363
0.986574307529527,0.161395472095045,-0.0249527014539714
0.981204283090104,0.0746216030627559,-0.177960026977913
0.998150243420031,-0.0591325224279918,-0.0141221935915022
0.979403359531089,0.184991405441567,-0.0809150125253045
0.999898098160386,-0.000706818767021366,-0.014258110059684
0.974643400227271,-0.13400302556378,0.1792022085053
0.997950956764707,0.0540153113697806,-0.0342962684563615
-0.981479920018956,-0.0426381783393815,-0.186759611124787
-0.992181273590487,-0.106551040687413,0.0649861220937917
0.958086792322577,-0.135673941462086,0.25231385214684
-0.140125524512464,0.661324877874508,-0.736895001533037
-0.99870082129007,0.0336612504333116,-0.0382568918471582
0.946296473837875,0.291802031697363,0.139192520989077
-0.91308114809924,0.394605343113673,0.102807782642725
0.997406105791833,-0.0359187003933664,0.0623771359652034
-0.076234700721719,0.637437138943531,-0.766721699380783
-0.981832537151309,0.00227874696692099,-0.18973580659244
-0.978802040625362,0.204653805812427,-0.00796147185622802
0.995653531123843,0.0840727933636901,-0.0400725763664843
0.997341140139606,0.061682471632725,0.038806222159723
-0.969968071556323,-0.0331751427091151,0.240959229056574
0.940565221896628,-0.151314219184984,0.304041231465382
0.991812536504386,-0.127590152739423,0.0053521357108527
0.995694319464459,0.0756767882925065,-0.0535335959929683
-0.995559949408225,0.00704037665790453,0.0938659695033685
0.999519468608819,0.029826344341082,0.00843925679136266
-0.987431182035453,0.0262873416079226,0.155848119703949
0.0164846551279758,0.13793915232292,-0.990303512263662
-0.686244793009431,-0.643025262548135,0.339980287358467
-0.985719921109582,0.0824920212896981,0.146803622405101
0.984725541808713,0.172694769624841,0.0221838647164899
0.994717882037359,-0.0740180546125409,-0.071117246477104
0.98061441261631,-0.0444368987247252,0.190842175110479
-0.723090805257294,-0.0545558788281027,0.688595195624869
0.86277394910037,-0.424236329615999,0.275035723839099
0.944545169706371,-0.216553033344503,-0.246858676439898
-0.981285502592037,-0.0777204215952585,-0.176176895391388
0.996454774989698,-0.0477710783053668,0.06925175432992
-0.994503771740699,-0.1045724056713,-0.00518266009304248
-0.994681646730544,-0.102756720164536,0.00703406841306184
0.971869956625257,-0.20932480534251,-0.107944028447807
0.989070332515968,0.145767809791974,-0.0221725723632366
0.998565228261883,0.0302155308676519,-0.0442098020882201
0.995783102458022,-0.0896073048856053,-0.0196607164216917
-0.979982799611793,-0.136728307653081,-0.144703428955075
0.0205263364161775,-0.884152302333642,0.466747657510405
0.848826506715367,-0.468054848732354,0.245801179971779
0.885477151594186,0.293519652142028,0.360244955288856
0.982731902271262,-0.0811013866434062,0.166314681681518
0.969131262839712,0.207634549409419,-0.132937915126773
-0.993338621502635,-0.0990111967930869,0.0589505380878441
-0.999553872526673,-0.0273748265996342,0.0119446551047209
-0.969084798183981,0.188648364464308,0.15901713276768
0.940353065649938,0.184549532217993,0.285792900683141
-0.999315045014174,0.0147590739786528,-0.0339353877775442
-0.936657472172898,-0.305841015721929,0.170687002800026
0.995925496758629,-0.0733425346999515,-0.0524716829334167
0.996497354927484,-0.070369370502625,-0.0451793461395044
0.994904009239272,-0.0986363488128337,-0.0209017485511542
-0.99569794474391,0.0319666104986737,0.0869697570766987
-0.999212864630929,0.0223179767143521,-0.0327957172726942
-0.9304135610127,0.116721843381587,-0.347428577928286
-0.982059479643982,0.153312021656234,-0.10979345361664
0.570110106745044,-0.463855923318915,0.678094498273737
0.9896822756457,-0.129380197772283,0.0615610079283451
-0.970882655260411,0.0209661865595523,-0.23863631059762
-0.835601454406905,0.191492019679688,-0.514879612911658
-0.998036438322282,-0.0626246694124441,0.0011910339860158
0.732487654932237,-0.512012198593367,0.448670640741579
0.938809897030224,0.0653813180436563,0.338173417774038
-0.998710914240168,-0.0506569622653662,0.00322210360072563
0.986415377136431,-0.139991576165551,0.0859480212190949
0.989583007572708,-0.0813722289672302,0.118760395234515
0.883957823111464,-0.0757491813051463,0.461389887721481
-0.874381209841499,0.0164884368376892,-0.484959412040602
-0.991455716168182,-0.0558082359916126,-0.117902517670074
0.978860626193006,-0.20176462667018,-0.033509848010396
-0.820537072776988,-0.453322924265911,-0.348162661027249
0.95892857576661,0.2748064278783,0.0702667330604602
0.988984309789309,-0.0309778217287051,0.144742563026596
0.920169120474966,0.173406981487164,0.351025367311022
-0.624950582756224,-0.769970686157347,-0.128770771415881
-0.899638469101804,-0.42019714626058,-0.118680171834338
0.998322817767128,-0.0578759230130837,-0.00138890636292815
0.933874001828443,0.00744051333167493,0.357524806790089
-0.899801957122848,-0.334876096091855,-0.279668443382822
-0.994497384355998,-0.0692484067199438,-0.0786104997810579
0.997804160111267,0.0596245784356348,-0.0288403833369462
-0.995350207708526,-0.0381779001279993,-0.0884330931066585
0.999991337116545,-0.000815997129994428,0.0040816467937195
0.974659051341184,-0.14479681340912,-0.170509872046363
0.996556918996104,0.00756272407412115,0.0825658065155989
0.961751673495442,0.0758822037293746,-0.263202601974013
0.95175533224375,0.295937057477414,-0.0811359695646706
-0.961818374603931,0.247980639256553,0.115805944701314
-0.966086595110815,-0.257034512640363,0.0246971670222231
-0.995593665172924,-0.0632225571336663,0.069254329373868
0.997267103747933,0.0523188748826449,0.052163772037913
-0.995682943364948,-0.0696055587490866,-0.0614047431664848
0.99019717408354,0.126389718540329,-0.0594575099063829
-0.988030273116012,-0.153077427600181,-0.0190651662885615
-0.981080002542483,0.134467126877935,0.139286109861808
0.99984952631859,-0.0164294672668333,0.00556752420909694
-0.972062748006822,-0.207925084821392,0.10890901266398
0.365580867648563,0.23754097308321,0.899958285319939
0.999958954794595,-0.00441126320819698,0.00791387913783625
-0.995079947326215,0.00590146877684529,-0.0988992977504531
-0.995423506271051,-0.0598081005770779,0.0745321022674667
0.975602773369355,-0.171042371370526,-0.137636244463332
0.538393984085215,0.841507644295879,-0.0446855960288127
0.988449047092647,0.0757403799398317,-0.131270240908621
-0.991466455729275,-0.00742626303515635,0.130150366042363
-0.9311921989966,0.0306435062732956,-0.36323830201557
0.969192597689575,-0.244923561593208,0.026041458488959
-0.967376812352833,0.202185259410261,0.152653934765133
0.915140038978468,-0.313840537929598,0.253027322260955
0.984488003644244,0.0795386534693956,-0.156387254227594
-0.60198451693969,-0.30859207283173,-0.736468311572402
-0.995668194269267,-0.0818440536502864,0.0441179986248897
-0.970248266031023,-0.0676728448611528,0.23246222990454
0.99601468842728,0.0492186108435622,-0.0743792227960136
0.982735357188933,-0.18346603485591,0.0239046394030523
0.958877562381974,0.267870357529349,-0.0938045410281516
-0.998950783658707,0.0335798270063769,0.031140440682129
-0.999886299154685,-0.011706815849498,-0.00950469491423895
0.975643366335636,0.0891898113610299,-0.20041257264616
-0.87368271125171,-0.478737822119861,0.0865367998703044
0.958429385551312,0.265012668270586,-0.105742132415791
0.999903502993343,-0.0136566757827309,0.00254556638257916
-0.99988145946193,0.00518925724594953,-0.0144961592677579
-0.955667087524068,-0.274589241303952,0.10630694419174
-0.999581875030908,-0.0284255542514617,-0.00529744987628856
-0.539577101593953,0.76171427344144,-0.358675225058894
-0.967004584372586,-0.110419335512197,-0.229585940657191
0.996094232639738,-0.0235445061440243,0.0850995648184298
0.997724311220431,0.0663433394070308,-0.0120316298164148
-0.912859077607455,0.393390214572568,0.109235724505379
-0.997448541525759,0.0682644478025564,-0.0208895230761253
-0.997509779098587,0.070085058342339,-0.00789463107686983
-0.992809537780761,0.107577868048983,-0.0524997523573821
-0.973737419017283,0.220484983820135,0.0567609964270779
0.998749413139379,-0.0169379990616232,0.0470394934234403
-0.904236176833404,0.249330701976418,-0.346685935044466
0.996204211500363,-0.0808698087784309,-0.0322062574211852
-0.998103774566101,0.044433376736419,-0.0425973030683957
0.890387236030571,-0.200111598202859,-0.408859288971814
-0.918731310899457,-0.39413761443383,0.0242552934712136
-0.981710741062193,0.112357638091757,-0.153687286544989
-0.521497597585962,-0.852515698371745,-0.0354575766488021
0.961347542730565,-0.225378160953978,-0.158163164646223
0.99671413573826,-0.0806836486079124,-0.007147060014279
0.914989390945348,0.343695415958852,-0.211347759643515
0.890190552824205,-0.350244386816754,0.291358283159912
-0.156913949426853,-0.456899254115909,-0.87556900588337
-0.969032631687362,-0.245346929308765,-0.0279399893311447
0.912372872750227,-0.365419060366897,0.184511927500831
-0.048480748610565,0.765135032418298,0.642042054059086
-0.997389160848176,-0.0689349350426449,0.0215136364484835
-0.984049421499344,0.104188389959238,0.144192633114553
-0.964838924094195,-0.212011784571495,-0.155360399573274
0.911763257186028,-0.183519212314949,0.367434975957415
-0.991210211309668,-0.118796437536734,0.0582213313487797
0.993904883790956,-0.109023802516416,0.0163368436776371
-0.992964098161993,0.108171523940769,0.0481790532251576
0.991600277343784,0.072729669165937,0.106954594079656
-0.982072159400215,-0.0945951933909836,-0.163052209792818
0.91754572778528,0.0787297757843521,0.38975820687694
0.911376730917273,-0.349844628476487,-0.216797579019448
0.981455522977579,-0.146669701707316,-0.12342226305612
-0.966795216423637,-0.247182342596794,-0.064868320532706
-0.997148617820371,0.00789253418214274,-0.0750489299264693
-0.983761290352482,-0.11849601424636,0.134805111964439
0.989704019079238,0.0470314055773929,-0.135181365238768
-0.999328599193668,0.0101066523522528,0.0352165644527101
0.991674404404735,0.112555936700222,-0.062554270534077
-0.984437489003465,0.0709449624322038,0.160778240287811
-0.565590942157753,0.0567439264896826,0.822731434281953
-0.996479100928436,0.0817637627168344,0.0185496231563243
0.114370909104824,0.504938413560781,-0.855544559716943
0.948007699567338,0.0982971599430672,-0.302686421743973
0.977136316420562,-0.212585798145988,-0.00344928379371288
0.988811178503619,0.0964852983577106,-0.113767484225978
-0.999168579888787,-0.0387312430736408,0.0127294843962865
-0.949163823514329,0.206848144996993,-0.237280174146433
0.911073105232891,-0.314252843576081,-0.266816317390155
-0.902168392022074,0.0667052922062456,-0.426195490858345
-0.999848185615812,-0.00158390454215929,0.0173521458952735
-0.975303890714136,0.193628082511974,0.106256700591563
-0.804249533604205,0.150196507561078,-0.574998866793557
-0.999522185378621,0.030488704761419,0.00508328810081841
0.314715660205315,-0.948582731887436,0.0338356910155673
0.999596653250818,0.0279721375198045,-0.00490819033221218
0.982463640038915,0.0927833735780071,-0.161729532210323
0.450874627566529,-0.62009616374379,-0.642022443476066
0.89480520838412,0.0574945869933601,0.442739213889073
0.999727439078316,0.0199809117681055,0.012075210922666
0.991971138323081,-0.0409795659897553,0.119640862188896
0.985472274021313,-0.167734855961472,0.0266348499310021
0.947020921113299,-0.319973855105533,0.0277147437769577
0.940954759570545,0.235244934883771,-0.243441904883012
0.737078724638892,-0.675675480076503,-0.013326639039578
-0.998046651980389,0.0606892631335363,0.014822071752798
0.993536304448496,-0.0934877905060975,-0.0643866816128445
-0.978001152208833,-0.199144305205995,-0.0620909975939846
-0.9989492617967,8.68260066108427e-05,0.0458297372572954
-0.994815301255075,0.079456365057056,0.0634759989341988
-0.860928400477962,-0.272581070275116,0.429536784662421
0.996082747203511,0.0881223996862149,0.00732143408418092
0.840920400401472,0.45562168670534,0.291996162290549
-0.967722169846973,0.246519180372479,0.0523650235858552
-0.999294984694471,-0.01449751987537,-0.0346317120850248
0.944824711798464,0.0702546098676776,0.319953986953264
-0.999885242403334,-0.0149393426263255,-0.00251357632050796
-0.881100014646114,0.214676823441927,-0.421398416783335
-0.999217373299424,-0.0340208325231727,-0.020179788181005
-0.995685239227365,-0.0786556951885726,0.0492360233888532
-0.961126718411222,-0.0372936146069486,0.273577443269037
-0.363958077674878,0.930148201000649,0.0485679098836337
0.987517461404714,0.081546679663698,-0.134756827124324
-0.996080991845798,-0.0556345501932355,-0.0687564870269602
0.999187996897525,0.0368669637271082,0.0162534255298738
0.773600730225389,-0.609935741002361,0.171814731739292
0.0982361606323388,0.43351379120553,-0.895776450672167
0.945288898248627,0.0624879273964912,-0.320193937758957
0.953227942911595,0.100307391826655,-0.285122633260606
0.173337870363829,-0.928759567789841,-0.327657821418259
0.995172394055503,0.0940294934474929,-0.0281133504201743
0.957888966499618,-0.076100883280621,0.276870698020218
-0.991561416978923,-0.0851397384696738,0.0977608372103335
-0.993163469083416,-0.00225330283211001,0.116710095126945
0.954684786031982,0.273859006464267,-0.116525550406218
-0.995767651355496,-0.0905695548585841,0.0156185865774474
-0.982533403492493,0.165936450945719,-0.0842211687700746
0.996137635728993,-0.0733848090293907,0.0482128664152189
-0.535088813034504,-0.593109274825623,0.60158237198338
0.974616064144236,-0.110775636416139,0.194556639281722
-0.52474233965176,0.367831292209961,-0.767688489849852
0.99726178296955,0.0202772352016638,0.0711180002599277
0.993520082436687,0.00999497822255768,-0.113216368981389
-0.997394307089189,0.0719566174923161,-0.00518086721908556
-0.968928242102252,0.18626051379224,-0.162742381260966
0.2094735055026,-0.213513338456869,0.954218478543281
-0.541908757001568,-0.834251071849331,-0.101784321991444
-0.99810375145829,0.0218518569436629,-0.0575447449642531
-0.906453109801574,0.29021833356449,0.306783439243557
-0.689021627097434,-0.61584507553766,-0.382078578734818
0.99522831571004,-0.0908824027390967,0.0355103996221542
-0.956370647210106,-0.291796774288802,-0.0144854295612437
-0.973232328321362,0.202442222374156,0.10879329809503
-0.789976247389232,-0.0141921498706194,0.612973173509965
0.990592019434163,0.114455028224921,0.075016648468052
-0.999530596067244,0.0305745069689346,0.001946034189558
0.996879819824023,-0.0500028291648519,0.0610765249759246
0.97871144164264,-0.180699398580814,0.0973223579159363
0.961931266013316,0.220383065695176,0.161615419502024
0.926582106012862,-0.376032489293514,0.00672070029786774
0.9666776068674,0.186160170401727,-0.175723633405176
0.717622238218769,-0.13123504603347,0.683955909329306
0.998169371608725,-0.0572866681586815,-0.0193944124304017
0.996529801825074,-0.0827881544762093,-0.00862992195226372
-0.988451463286044,0.0730683726857362,0.132758117042747
0.99568668840365,-0.0926519195181475,0.00486213382945192
-0.998095225298122,-0.00867612784925647,0.0610790147483912
-0.994396958108119,-0.0954338573479676,-0.0454650258661195
0.997174688617477,-0.0750724087086589,0.00260265850960781
-0.990754908288805,0.115398507272969,0.0713294905408094
-0.992427173671551,-0.0130116996641118,0.122143360974502
-0.992704138479385,-0.0249396311744687,-0.117968250994848
-0.968029775730722,0.243575209167394,0.0599121922298704
-0.996197457741618,0.0148125022651882,-0.0858557800371079
0.999105137719386,0.000832353408892979,-0.0422874800683379
-0.866697235245202,0.0335676809696242,0.497703840865875
0.0477645788090919,0.523296304359165,0.850811097045185
-0.914108634467953,-0.33650523908343,0.226207047769379
-0.998042912298284,0.0120899959998312,-0.0613528907866989
0.988667028303276,0.0900089521426196,0.120149472242521
-0.975984495227539,-0.0670506425819451,-0.207264267071761
0.998450455321473,-0.043975709673588,0.0341002232697463
-0.981037318224177,0.0428738021038387,-0.189017505392161
-0.945117791872229,-0.0910901338027029,0.313775312939637
-0.997232090087012,-0.0743294818136552,0.00181290761018115
-0.99821518916967,-0.0408786772795888,-0.0435358456312965
0.993248094707465,-0.0609825956134708,-0.0986881218396326
-0.990920312942248,0.068543510324373,-0.11566641946066
-0.964473862113704,-0.261009663360234,-0.0407936874044756
0.997759008045373,-0.0354249677283748,-0.0567629590997159
0.996846131547462,0.0753129627155888,-0.0250149488478432
0.995088376657307,-0.0976081900188533,0.0164852625932664
0.998479870331933,-0.0307164676208194,-0.0457651303813821
-0.871940677587214,0.485817494164173,-0.0608343417223693
-0.998569935462303,0.0317841339971164,0.0429866585915353
-0.990572829662705,-0.054282644469784,0.125773064061385
0.980972430301435,0.169396360552714,0.0948575986412845
0.960157121618342,0.180951837716363,-0.212966509650349
-0.836044533254645,-0.449421853319951,-0.3147213627536
0.99934311420665,-0.0169052892774567,0.0320554407581504
0.989347045446216,-0.0960282951688424,-0.109412020335098
-0.950599600088577,0.181147016376166,0.252083634473659
0.979277394464101,-0.0499036438855029,0.196278911293473
-0.989046441802011,-0.0825676991208468,0.122350770413063
0.999891765738066,-0.0011971314716433,-0.0146636859436008
0.666117123317467,0.706032609138291,-0.240428644001997
0.099505714746108,0.0886207644974452,0.991082727542335
0.731861061503941,-0.674867788031477,0.0945137838192187
0.968339453113299,0.00911812422603633,0.249470566109183
-0.990724656155198,0.0711908973451986,-0.115743301410279
0.946398179735574,-0.145175689101559,-0.288538567070468
0.944367427011561,-0.313756088126105,0.0986269738122722
-0.744610061398386,0.544841828769703,-0.385620588256354
0.989216263033071,-0.0606164286008624,-0.133329792374258
-0.972051710496593,0.0357214934474573,-0.232033288617237
-0.893559361261419,-0.0189312860044874,0.448545732687651
-0.455373748119148,-0.375723874158086,0.807134635554415
-0.613626336845831,0.440710560145241,-0.655161751711464
0.984005824256456,0.0630234529538823,-0.166615071968723
0.0826444483339764,-0.873216451777931,-0.48027380055957
-0.984446739220833,-0.174595142289546,-0.0195231638410162
-0.99727444133398,-0.0556427169272761,0.0484517978505304
-0.992823728764463,0.00695763573629617,0.119384399764749
-0.822623147595976,0.142279286092542,-0.550497740039217
0.297268621938903,0.484746412320009,-0.822588768555361
0.997881220349829,-0.0615361427440047,-0.0211275462211048
-0.995796686953337,0.086236969804833,-0.0308568192080443
0.979393297173098,-0.151577985581559,0.133464915762325
-0.997921397533588,0.032773515957284,-0.055486764155141
0.997930397210187,0.0329257504217781,-0.0552342039236599
0.977958441744462,0.044527232432426,-0.203996597502634
-0.992341324602429,0.0889842192053733,-0.0856767425775952
-0.978593958368723,-0.0952221321913553,0.182446184353541
0.960142899635421,-0.164156001913504,0.22622647792745
0.991067691738209,-0.0518124742976199,-0.122883269405796
-0.984265293844461,-0.116471398825976,0.132876802297458
-0.999399329771446,-0.0344945465774582,-0.00333255289526067
-0.999099374945603,0.021428947488711,-0.0366229326082868
-0.979998658833778,-0.191862225649912,0.0528347901733239
0.976112522339403,0.0398901944880027,0.213572273752744
0.999853410724529,0.00672805919019128,-0.015744531814543
-0.993534573640666,-0.0539114669119139,0.0999129857229033
-0.984922891987393,-0.108923489775404,0.134397061777177
0.996978792989061,-0.0685626076259287,0.0365028103795921
-0.973050327187075,-0.150384271380238,0.174807413122443
-0.99598686956541,-0.0589279608151812,0.067362089393508
0.999685334787604,-0.0055580348712191,-0.0244609823794372
0.918130664648615,-0.386148353226599,0.0890254566530108
0.94761631271236,-0.211467404451087,-0.239384336864697
-0.983766504909236,-0.042121052269668,0.174439905911354
-0.773058087301026,0.220702738898123,0.594702862529975
-0.998832995578434,0.00798331068773809,0.0476331155213894
0.946806894339663,-0.0992785272923389,-0.306105339465921
0.645927933698938,0.713559504142067,0.271311515634606
-0.997975111563043,-0.0288292156235384,-0.0566970283812475
-0.983960459226543,-0.0849202268736649,0.156876925474765
0.99938876631667,-0.0340924499856434,-0.00773295635706495
0.968545735989063,0.248520738882402,0.0125139778946866
0.920755016203018,-0.102133365281065,-0.376535490801789
0.983313840274674,-0.152081640571528,0.099825177812736
-0.480075975051562,0.802860920547189,-0.35347050858086
-0.998593239805378,0.051718146870684,0.0116950715799748
-0.99115399294043,-0.026580016532257,0.130027939303011
0.969401198740561,0.227167576183813,-0.0930387457521538
0.981795408986745,0.0208448504568299,-0.188794245415432
0.331635289959897,0.11368441639518,-0.936532908082841
0.934862005696046,-0.0775906759080782,-0.346428516895035
0.984026209770967,0.174882844097333,-0.0332927818635396
-0.0342160976399591,0.785243527316437,0.618240941276079
-0.0259728252532344,-0.83429461549211,-0.550706734032949
0.341154145196608,0.939929267843195,-0.0121169578247804
-0.147580089199076,0.787223122977449,0.598748588241864
0.259193266863055,-0.490049979640649,-0.832267906306051
-0.0459590445861875,-0.68723084564075,-0.724983814316309
-0.301255868003521,-0.892394536329507,-0.335971566539031
-0.0335522210831488,0.675833081583099,0.736290631679013
-0.0453109972037732,-0.671039287262866,-0.740035937290984
-0.0514919578410078,-0.627787644901407,-0.776679632272435
0.0693183923114443,-0.848127851071364,-0.525237192822849
-0.0109502133935114,0.692796898938377,0.721049616633977
-0.541934273179512,0.758040564149157,0.362879796431024
-0.392169381012616,-0.777721220903538,0.491276784666741
0.419786227014023,0.745668951053215,-0.517452740880294
0.0408102826419498,0.593430271608624,0.803850131286423
0.00498346682352697,0.452846693003307,0.891574471199343
-0.00264994755898373,-0.709672286733522,-0.704526949960289
-0.0165102686988772,0.625907603718521,0.779722439483967
-0.0420621289265461,0.755401639464277,0.65391065169857
0.159635262174879,-0.72998650096685,-0.664557214599716
-0.167840043095211,-0.9692021357638,0.180213595393595
-0.00257315927701125,0.554651635397293,0.832078687506443
0.0486971377239109,-0.0987576495743184,0.993919270075822
-0.0506983823811514,-0.346950864037086,-0.936512024465171
-0.36242969313478,0.880701183481775,0.304975643204553
-0.0668746947783551,0.527256286267203,0.847070589614596
-0.0864961090027519,-0.765841848489924,-0.63718497018442
0.0269733508936497,0.890666384462271,0.453856618251265
-0.0747762140479584,-0.38262826923377,-0.920871394601778
-0.0145016845361388,-0.685500166521326,-0.727928034111099
0.312955338447628,-0.944878222550635,0.0962501983721791
-0.000237982169975316,0.839011290693525,0.544113956311794
0.0152346769024966,-0.670977964905686,-0.741320764062831
0.00481276609230556,-0.702797957520814,-0.711373227066575
-0.165397007369109,-0.782498794634282,-0.600282821967478
-0.498690419101315,-0.625106817242218,0.600457602944504
-0.061543448474053,0.772829249483689,0.631622794943627
-0.050270074905314,0.75634062620429,0.652243648280239
-0.107001189065084,0.318932804250997,0.941717904635594
0.364808633463305,0.841385617962921,0.3987291095917
-0.0389134540962831,0.746491371075316,0.664256257780378
0.00362327151564286,0.683488240949756,0.729952530228461
0.0914384877438208,-0.235308075190738,-0.967610000314772
0.126161723948049,0.889833605491049,0.438496720568418
0.0426270622155479,-0.775725188547464,-0.62962954617765
-0.00888586200616648,0.521646144209636,0.853115667238404
0.0180793159585665,-0.495968738552841,-0.868152146062413
0.101077366548933,-0.892993717934525,-0.43857221264121
0.0702926155706333,-0.469125386120045,-0.880329665690052
0.0253039314024677,-0.815528226776378,-0.57816383697578
-0.124891371920883,0.861109239213914,0.49284178329374
0.0389608914127303,0.68006145397715,0.732119162264457
0.0142790275734587,0.71012049024874,0.703935365428138
-0.0773951438310653,-0.309027932981615,0.947898585476568
0.00803734167357147,0.645411631823336,0.763792659460642
-0.0453156191452281,-0.628389828961333,-0.776577566968961
-0.0703143322295057,-0.821862460701236,-0.565329983614197
0.0831923673553611,-0.56773004209195,-0.819000384200205
0.128744635732482,-0.675645922362882,-0.725897655571721
-0.170647387729475,-0.828177092915329,-0.533855946704184
0.505101547774926,-0.0504796299080411,-0.86158240081824
-0.0271573270435471,-0.69276395524597,-0.720652885861015
-0.0553482646163054,-0.845077909449709,-0.531770529988334
-0.0183134545993144,-0.801710293393297,-0.597432191004027
-0.0993538183014925,0.527345787248123,0.843821805513801
0.0653821668082892,-0.741395457632752,-0.667875697764918
-0.217528100631853,0.676197567090866,0.703873835069818
-0.0496871236413094,-0.673378238481345,-0.737626557062592
-0.0374867278267192,-0.783460324230423,-0.620310136620067
-0.0901091221530785,-0.228616546290648,-0.969337310159336
0.0726959018292571,0.935374328767797,0.34610716684204
0.0283441770080962,-0.898226312573137,-0.438618397962283
-0.181422019171588,0.646876801883697,0.740699975796155
0.0423709923552091,0.733687412031056,-0.678164788553643
-0.0261899099366388,-0.851749889196387,-0.523293622043547
-0.0554088619008977,0.790574176289373,0.609854351306299
-0.0170926994688048,0.958738524537779,-0.28377505385779
0.00600725459524778,0.801251496778616,0.598297544539718
0.0354843041275582,0.49660397670689,0.867251609672467
0.0817714704047132,-0.124284250565659,-0.988871504134477
0.0499561518359998,0.729067859455026,0.682615879688867
-0.0332313157682571,0.773892961755449,0.632443960677695
-0.53103851367738,0.0375379157502172,-0.846515801312916
-0.080004365143541,0.122242710996115,0.989270448950285
-0.0454179564149762,0.49329909795037,0.868673246506671
0.0458370727984818,0.887641613945039,0.458248107415965
0.175764193662371,0.129245339121975,-0.975911159143834
-0.133151682235082,0.476928579235083,0.868797882034005
0.0222060421981458,0.976378299233589,0.214923959752323
0.0318977145403986,-0.687271043612683,-0.725700384744719
0.0884617995177935,0.419650277176055,0.903364906830088
-0.0267450716464746,-0.636168677338687,-0.771086321442529
0.0364218067979818,-0.541271664221692,-0.840058591706704
0.0216157362047176,-0.0419224694320072,-0.998887013883477
-0.100051148275765,-0.708337879870917,-0.698746889559213
-0.87909235833744,-0.466212619313363,-0.0992089668613255
0.0203076916390715,0.92975167646636,0.367626737014986
-0.0523297351157401,-0.78771687106857,-0.61381082578972
-0.0587168492783778,0.559190185547996,0.826957476535292
-0.108164608107991,0.754026698108355,0.647876651911964
-0.92204974108583,-0.176180408003241,0.344651619464302
-0.0412014780783379,-0.891119652028844,-0.451894018517784
-0.0443655558067606,-0.114231675555697,-0.99246300775278
-0.0107151449239801,0.725683829145926,0.687944885717863
0.0526805244164798,-0.70647246187793,-0.705777176561655
0.0582469711897098,0.791938185305119,0.607816749524773
-0.119848238387256,0.529533371393496,0.839780214303784
0.0483862632937882,0.691632818464539,0.720626681401169
-0.0650370712385604,-0.806063377577191,-0.588244856070635
-0.0440428762483016,-0.459190573339178,-0.887245311291197
0.00863237403049805,-0.534764800772297,-0.844956856871144
-0.0885819568354785,0.569800362946338,0.816994971410118
0.00992831456468176,0.679003443177307,0.734067948301291
0.0598459807403369,0.79729101926214,0.6006209197099
0.0294748788339865,0.810032859946806,0.585643233824246
-0.0532630081939774,0.590425469855673,0.805332736515681
-0.0662276440750654,-0.990924493370164,-0.116972422388146
-0.0338791398633071,-0.650274558403518,-0.758943477852753
-0.0310016865180146,-0.584102348172447,-0.811087752522791
0.260709829675423,0.913464977283386,0.312429384001048
0.172899043887471,-0.780073098502853,-0.601325104760275
-0.0325690265596454,0.498560255591723,0.86624299711644
0.0185013066183161,0.89182335704978,0.4520053113337
0.289365010422157,-0.386177987985558,-0.875862119479323
0.0436871219758652,-0.788455136822645,-0.613538859887008
-0.132365599871288,-0.974700939758061,0.180103931121637
0.00278960633359076,-0.612911991298612,-0.790146257992072
0.324583380297927,0.480868592127371,0.81450047657433
0.016330987010534,-0.692765295412793,-0.720978185755219
-0.0427975626377265,0.891184568875113,0.451617573651812
-0.0833521664154278,-0.548717811342247,-0.831842040215346
-0.0606300081368402,0.484551065930943,0.872659307300686
-0.0363632496348865,0.887212513546052,-0.45992572213705
0.0989832162308598,-0.760457224217637,-0.6417999166717
0.207166001175005,-0.312008366293978,-0.927217896354315
-0.134675659087412,0.079151827078261,0.987723369734433
0.402888698140421,0.39020446952303,-0.827901666186853
0.0478501034723773,-0.795310228379291,-0.604311184931209
-0.0892861217363942,0.992610983451169,-0.0821670493408153
0.279440339635922,-0.177011438372571,-0.943705487569843
0.0898158068510034,0.340636076186042,-0.93589539182554
0.0426671756554467,0.720696847249467,0.691936100002208
0.36995244787648,-0.929039900135211,0.00447775244486592
0.172343959093082,0.588159195827824,0.790168539064476
0.0322006434239929,-0.776641645998168,-0.62911912406502
-0.0526465969894282,-0.66168582265807,-0.747930617048631
-0.0152738715898889,0.607467862466247,0.794197396695144
0.0613217625063722,0.755632499145533,0.652118982761726
-0.389793566321908,-0.630247360159166,-0.671453081507898
-0.0892053715251192,-0.892720193023222,-0.441693398931483
0.0481102900843128,0.770056105188966,0.636159567128565
-0.00996855651732446,-0.750623524057924,-0.660654942471351
-0.383668436180959,-0.904820607109945,-0.184656979363488
0.281302734679002,-0.0267540908900549,0.959246052940934
0.712647790922779,-0.438159447604871,-0.547858945867892
0.369515518697486,-0.762154472812466,0.531581452849588
-0.079277859859942,0.673134029579255,0.735258865406207
0.170825320641255,0.432752463755064,0.885180216081299
0.312448469952641,0.855978140113218,0.411919139240422
0.054669400715601,-0.73659617820707,-0.674119668068018
0.153840696511024,-0.917887458629027,-0.365808219410868
0.441906898053728,-0.641546982370368,0.627005393010305
0.0353073781661699,0.8104732986926,0.584710544759855
0.010001428115687,0.62211462058298,0.7828622933138
0.0134172656142341,-0.451825149834221,-0.892005611507417
0.0848711385785309,-0.385802003957188,-0.918669529035878
0.0558073205123604,-0.834423272501144,-0.548291296014912
-0.531168884137432,-0.78192046192888,-0.326282098407379
-0.0922670298165076,-0.0631442668633837,-0.993730142831104
-0.151476212653649,-0.305374946322199,-0.940106961552153
0.220066925330917,-0.354702563238483,0.908711527387788
0.000499594498612822,-0.218686260166119,-0.975795096329088
-0.017419400403215,0.571562719083008,0.820373465346138
-0.00142383543675201,0.63056480181114,0.776135299680105
0.00994079608656592,0.662324820583686,0.749150861049998
0.0541679734382841,-0.99371157512087,-0.0979955923722582
0.0922984159843469,0.711106262221377,0.696999918390471
0.0395074444629763,-0.46552461416201,-0.884152699165317
0.179077739196033,0.473613461852144,0.862334883949887
-0.286676161498615,-0.614466340460616,-0.735015574576048
-0.0826548699415766,0.508224801737194,0.857248927309991
0.503367315080394,-0.0778992770624172,0.860553919717938
-0.150561281616795,-0.462747383303134,-0.873610988783916
0.0160478446344592,-0.771435271144677,-0.636105407237296
0.606500564378707,0.596983821952949,-0.525135584144475
-0.189421333423691,-0.698292476735389,-0.690294991564293
-0.0359458410594566,-0.817751221365148,-0.574448288766132
-0.150850798459771,-0.146417438371221,-0.977653297618772
0.303125397674367,-0.103026019829167,0.947365099907589
-0.120776167012341,-0.172918361444253,-0.97750312416751
0.0331988874790617,-0.577565238655599,-0.81566919088982
0.248110898629112,-0.901935896117609,-0.3534863806089
0.10016311920064,-0.628832619805668,-0.771062180255483
-0.159641085921835,0.927900672126509,-0.336919970249421
0.0966859574169971,-0.265751584299449,-0.959180859421565
-0.0525738087628037,0.832096437402618,0.55213360112752
-0.0290379157299087,-0.697672918434008,-0.715827701569195
-0.0180995368976227,-0.43233096226485,-0.901533330405061
-0.0345777161230732,-0.297836640336963,-0.953990417782329
-0.102876730096161,-0.646677464211906,-0.755794043165981
0.0609526975178698,0.780094462440396,0.622685633634761
0.252916013557468,-0.937116991806971,0.24051036100936
0.0595234473807909,-0.540165266629605,-0.839451275500177
-0.159215964889876,-0.67636609429306,-0.719151710708482
-0.0173721977712735,0.928876197690191,0.369982724068582
0.0494872370944709,-0.636885141403517,-0.769368786749357
0.0435326663271496,0.728070571107647,0.684118520761888
0.12406852536289,0.60809667295169,0.784108052094457
0.860559716397036,-0.498893878044389,-0.102673623509077
-0.00260097023577248,-0.784021424628786,-0.620728314705299
0.0419957588966434,-0.576489786848618,-0.816024437069093
-0.0168081878102812,-0.975415092638419,-0.219733661225854
-0.23472795597746,0.932192296818566,0.275536401288053
-0.0279148029141972,0.750405079715306,0.660388506953086
-0.00677291008698247,0.815814150899541,0.578274501323562
-0.183125539840984,-0.418353283166139,0.889632265108489
-0.274614210808543,0.537766791818377,0.797115997104168
-0.279460832058386,0.815136817223507,-0.507398869285265
0.0422748077148825,0.733177658139232,0.678721859260581
-0.220789652324296,-0.888199982219294,-0.402930168902952
-0.0234926061536207,-0.361211730014454,0.932187847783952
-0.0434360089470736,0.565390630051128,0.823678789685117
-0.10873338167972,-0.449538896496959,-0.886618199815901
0.00319895334052152,0.736808915474674,0.676093476358528
0.0934601775130452,0.993166764058854,0.0698925889354103
0.017829915494028,-0.691185008327465,-0.72245787308108
-0.0573980738157697,-0.854007206948643,-0.51708524597209
0.0833305316291375,-0.668618797078606,-0.738921461788438
-0.0249699114783989,0.487233960525084,0.872914412317612
0.224497681860003,-0.699695794422709,-0.678252597567203
-0.0868891800583451,0.217906326170625,-0.972094184430506
0.258101922841227,0.85492686332093,-0.449981617177743
-0.158680524849797,-0.57356761916528,0.8036421325929
-0.0202307544938999,0.545790415788867,0.837677466932007
0.0485498591904595,0.590568742799171,0.805525586931411
-0.101459996317757,-0.601975717858949,-0.792042362664651
0.0156554595653855,-0.798532330501562,-0.601748305963166
0.0523123620549266,-0.873483661833939,-0.484034822389265
-0.117401159392644,0.798722769073367,0.590134650683245
0.369348391762312,-0.822057021359025,-0.433363610766895
0.0436034299202401,0.943385335519252,-0.328820391135373
0.205291630524505,0.775665249091432,0.596823900148542
0.212975794487195,-0.865293066082353,-0.453772212406565
-0.463578230148717,-0.739155329730608,0.488615004950748
0.286039496941915,0.0877636762297393,0.954190202907082
-0.0170595703125345,-0.798803643145432,-0.601349907090986
0.109815241133297,0.929657672284878,0.351677729145162
-0.0488763095854626,0.767323625007682,0.639394683170244
-0.0033338998780922,0.750563899770924,0.660789465315743
0.000481023443741287,0.466017197274394,0.884775531115641
0.391168033473702,-0.00369167523258733,0.920311871662152
0.0285718881894207,0.557880763971948,0.829429141274507
0.0360767840551684,-0.977271097038143,-0.208901097522492
-0.0630437595541441,0.617642123089263,0.783928371834486
-0.0601355777416631,0.601294229511805,0.796761546414911
0.042472019278216,-0.719327224723768,-0.693371813206762
-0.00436548439671617,0.243441916697578,0.969905653009916
0.0352413324400073,0.589548930383618,0.806963510433641
0.0189886565916262,0.739108954773049,0.673318189190768
0.0538364635016182,-0.771841348519202,-0.633531820758594
-0.00691564245016143,0.767444467705965,0.641078125408292
-0.262824088673662,0.18424019267399,0.94708977917424
0.212994697256624,0.872638199781531,0.439472218942913
0.0947929500140973,0.484997623706085,0.869362756061631
-0.0053494338962936,-0.2722901325296,0.962200325963363
0.0464251571022211,-0.831152825719431,-0.554102594369164
-0.0169366724734363,0.69179182116972,0.721898348306886
0.19243120343618,-0.443760430897857,-0.87524105931649
0.623703721092262,-0.531094229532629,-0.573526448956636
-0.0200422158331969,0.842146743667833,-0.538875840722296
-0.0351724098505781,-0.660503226820494,-0.749998925962576
-0.021165027015886,-0.391037401720346,-0.920131399359471
-0.0557233506852295,0.612230245400202,0.788713531521819
-0.0682030670953078,0.720348436507843,0.690251020759477
0.159579944911694,-0.860861373375663,-0.483168642413545
0.116648761038678,-0.580391777235994,-0.805939483748616
-0.0651074140466547,0.229331422413907,-0.97116843200846
0.143381698836972,0.483956802337231,0.863265603340099
-0.0473806495266988,-0.812013092681553,-0.581712825511152
0.00684699303425611,0.841439003746769,0.540308728099069
-0.037990676844754,-0.775922148242831,-0.629683673235307
-0.0318540846344395,0.714439504751425,0.698971752893234
-0.0284008084519005,0.80017540696022,0.599093241637164
-0.0362114220761326,-0.753041745364979,-0.656975541895504
0.0267610727592909,0.645306694214713,0.763454723861507
-0.0423918527183299,-0.848839332359174,-0.526948497163755
-0.0316726339352619,0.691305325641256,0.72186826429733
0.202225774942291,0.222951495212242,0.953623283446674
0.285900068061812,-0.0850022411127729,0.954481938062768
-0.151726607309035,0.169059093922256,0.973857309566795
0.0258473264904793,0.645829146248105,0.763044316910714
0.0673843359937632,0.486023026657366,0.871344345721881
0.173482987291073,0.569539373530945,0.803447916867388
-0.0385425692066779,-0.802714170947519,-0.595117156633034
-0.00574916611912296,-0.735749332551503,-0.677229552470175
-0.0247387677842666,0.686484517609401,0.72672346903833
0.114862934410113,-0.830678523189538,-0.54477490526854
0.123383704889151,-0.919994867877708,-0.37200255973112
0.0685593239016029,0.487182102339593,0.870605087434096
-0.233847733094252,0.967248523273107,0.0987194608609349
-0.328314844083212,0.191171885417657,-0.925020363765293
0.102667696661983,0.0639402912844499,-0.99265854311167
-0.0659741735822639,0.978558597411354,0.195116580157761
0.241909941267853,0.168511883107834,0.955553936503448
-0.0395810170496143,-0.71776414768843,-0.695160392558739
0.227965853336094,-0.737963161398842,-0.635170797605631
0.0193258484549466,-0.381026002857466,0.924362318968033
0.0894655461488868,0.68505513119275,0.722976751547908
-0.0545785111131103,-0.684109474843644,-0.72733445714735
-0.0289234840140474,-0.363570504180908,-0.931117565381585
0.0273633127558483,-0.890994654391992,-0.453188454133509
0.0595441285757638,-0.458266537006333,-0.88681806353523
0.173729081403342,0.703870454080604,0.688755827668351
0.0843445000360072,0.63856513092382,0.76493174785854
0.0674637272689319,-0.45534069132926,-0.887757568440154
0.0343993626195279,0.828462238963937,0.558987479700781
0.0341196238646102,0.693660158173519,0.719493875046915
0.0843353842006728,-0.707047858822195,-0.702118842010863
-0.056582290562332,0.610634194118872,0.789888805698318
0.121866916503749,-0.837218095600115,0.533117543381931
0.215734295268065,-0.589114819595957,-0.778718462075746
0.0134250151594916,0.651409800194084,0.75860730366842
-0.859032774147993,0.503653413354816,-0.0916293193014431
0.0409023954996353,-0.728273936795825,-0.684064373452018
0.0606983495889816,-0.398571037168486,-0.915126679038269
-0.0861284399925999,-0.573935863056698,0.814358346750252
0.0176026482731796,0.704463854096667,0.70952154656856
-0.185843663626672,-0.707139480679405,0.682213960245815
-0.105875450367769,0.808071449936536,0.579491950597146
-0.0853621805598437,0.881160895820465,0.465047066227649
-0.016360667478574,-0.867472833590179,-0.497215457867795
0.235989112962663,0.500089430950256,0.833198475523656
0.182347694355681,-0.749603932521895,-0.63627294670674
0.484818290064235,-0.372190959317734,-0.791470223963818
0.00181785686212555,-0.597404176376187,-0.801938242911958
-0.0453233255367144,0.682790549196202,0.729207009079481
0.0714621162177698,0.997369460994949,-0.0121377189094042
0.0815736491129717,0.0734418719324402,-0.993957761284378
0.0540420992087306,0.756297050290022,0.651992502438276
0.025825181422471,-0.591076003080956,-0.806202343451282
-0.2235418360738,-0.950373930240722,-0.216375692358356
0.109636527366932,0.992984395193698,0.0442924685327588
-0.0633435780907385,0.699361288119706,0.711956023778301
-0.141544416962058,-0.989906144510106,0.00714164462915861
-0.30635179261377,0.269749327657027,-0.912898613971405
-0.173444115137039,0.98448404431202,-0.026614007954063
-0.0858389760436485,0.5912956149015,0.801873534910608
0.03979030686363,0.374882557404234,-0.926218008696527
-0.201934128835564,-0.614406874871136,0.762710167575146
-0.0927893501537876,-0.930415257629822,-0.35456675657437
0.00702272601231375,-0.735726593963829,-0.677242246359262
0.160334282799591,0.384862558195459,-0.908940993166436
0.178351215175412,-0.929381907837583,-0.323171956440575
0.0852389293557994,-0.640394283261274,-0.763301701091093
-0.166876498205875,0.903303499990463,0.395215158175296
0.165741066086486,-0.984429693730656,-0.0585497832095237
-0.0459883897190917,0.628336201734748,0.776581409512612
0.148333335036396,-0.962497076883571,0.227148847031108
0.0571057640207822,-0.886311632168319,-0.459554808916993
0.505197594824381,-0.679899713221936,0.531518362941854
0.0671779438017353,0.602133536720852,0.7955641569494
-0.0605691953553593,0.89175113690661,0.448454325879205
-0.177611001763616,-0.949494063538384,-0.258680025046181
0.0257584880668756,0.720012747504152,0.693482619626498
0.0231951580604241,0.549523868772529,0.835155974828549
-0.045013432536236,-0.83967403727017,-0.54122204502932
-0.0584837409921955,-0.741119051600456,-0.66882150338816
0.251456454434972,-0.497627794466033,-0.830142294849422
0.0605109567638001,-0.754055940046812,-0.654016867818902
-0.0631089100389579,0.891270100563567,0.449059988548416
0.137141433866509,-0.155368217170042,-0.97829082803144
-0.0439242751085134,0.938800444554317,0.341649503674173
0.0729851036503195,-0.76035467447725,-0.645394409369765
0.039546296156583,0.723267782452104,0.689434409735337
-0.294218490273288,-0.458179845958754,-0.838753067796786
0.0300568447908199,0.63052358098548,0.775587905980017
-0.195869693514418,-0.76012115685139,-0.619557011153511
-0.18330299000328,0.713382327224757,0.676376869104235
0.0569283993245066,0.84998025697864,0.523729624994495
0.0458313729213813,0.830730058635805,0.554785593662176
-0.412087892147679,-0.867623455910219,-0.278232111553808
0.041755760237725,0.665357264628071,0.745356402597859
-0.0057492822851224,0.770243078118082,0.637724506636203
-0.0884424836363169,0.540410763773146,0.836740182784575
-0.0676633854082808,0.937919723127659,0.340188564245223
0.297425636108383,0.519605555455028,0.800966951706371
0.0122656768758595,-0.570173849368655,-0.821432489415233
-0.0578646870498188,0.504516900423064,0.861460605704132
0.0287169674196622,0.573599902468174,0.818632083216092
0.304360987753462,-0.772922034222674,-0.55673684820283
0.0190268950912809,0.773821213128765,0.633118241227586
-0.000440548933499076,0.794714732080145,0.606982949127421
-0.0958771019529459,-0.229522856516157,-0.96856948106874
0.0532627829963902,0.518235691779481,0.853577672923397
-0.0463409414428641,0.953158852924583,-0.29889917737873
-0.0309423367150348,-0.444096529142296,-0.895444495545301
0.135325797330432,0.685887137008769,0.715014520036339
0.156892822866733,0.945133968297106,0.286542185557159
-0.0519366651355994,0.452493719384201,0.890253905766464
-0.101960517755764,0.697478684606391,0.709314836542078
-0.146268550799673,0.802394315640238,0.578592147609348
-0.0305453687537113,-0.6099593790676,0.791843757527435
-0.343311108088272,0.432995954563149,-0.833457849201236
-0.0174287997704324,-0.932458353657343,-0.36085683536993
0.0834824433609133,0.762770280860983,0.6412582789218
0.113587740573915,0.99301058362404,0.0320594136246412
-0.030991834708953,-0.671711674980509,-0.740164124958953
-0.00124215455833485,-0.581154362730568,-0.813792395965507
-0.209085187776819,-0.117456923883907,-0.970817828062537
0.0093907370198614,-0.858221327993699,-0.513193887565854
0.0205777858952325,0.616606335385755,0.787002656850534
-0.202586883085049,-0.43748288890391,0.876109169406515
-0.0871391317794155,0.0981960031325434,0.991344701242471
0.0498714927858033,0.697523827903374,0.714823994920666
0.191434300918812,-0.269208496240854,-0.943864234931838
0.197526217092825,-0.835832044706173,-0.512218885441854
0.086991225845695,0.880921504218776,0.465198699515371
0.186023569673986,0.636896362747646,0.748169937009345
-0.643856507481747,-0.238173403699859,0.727132881627169
-0.0591342766925697,-0.462451306157429,0.884670518754487
0.0976543633359663,0.974373410313821,0.202632876391916
-0.0097336823728836,0.613332160288554,0.789765102155849
-0.125273092953257,-0.816816859775316,-0.563131307750436
0.0226069815495623,-0.642700388762024,-0.765784000009377
0.00259182495713928,0.85429852989455,0.519776205941944
-0.0165356818332618,-0.692146901849947,-0.721567209264549
0.0620038043056062,0.778537048053995,0.624528296443807
-0.0166589661992557,0.534210157218,0.845187545323694
0.0329563441155458,0.813436575367695,0.580719224097682
0.0869702475446897,-0.630818217226771,-0.771041213461936
0.0187099119638927,0.999747596805177,-0.0124371168916339
-0.0354449433840158,0.880640621263497,0.472457143208933
0.00616050022132135,-0.686995358117538,-0.726635690123998
-0.0179279409797006,-0.730618039589098,-0.682551001141461
-0.305960460966154,0.145989686463524,0.940784357741805
-0.359870791053535,0.418322252354464,0.833966130566218
0.110706735824679,0.540682387592128,0.83391041148958
0.0891337465709474,0.690487455384754,0.71783163010452
-0.265892785427362,-0.671910602905031,-0.691257671466637
-0.0369702061927058,-0.862030403642093,-0.505506465884185
-0.158382371796744,-0.972913879000719,-0.168385297314854
-0.221240962214735,0.960628223312426,-0.168065026742361
-0.145272168264397,0.63175694519719,0.761432307774549
-0.0492925792697779,0.719267003650733,0.692982841842588
-0.273845633068212,0.361495185924487,-0.891251816156854
-0.0341237737232476,-0.896869849948621,-0.440976235550197
0.00898670579270238,0.98372013023046,-0.179482435069179
0.128923492298199,0.986679661053938,0.099206751766817
-0.0148552284041617,0.268275418036513,0.963227710495496
-0.0315872798372635,0.653454884626457,0.756306126849641
-0.00534273402981148,0.500214335538222,0.865885138869551
-0.0273894403293418,-0.669790361582693,-0.742044938052522
0.0209376673258824,-0.739195032284641,-0.67316589213407
0.0236459705596039,0.643574491247624,0.765018132001887
-0.0396626783257422,-0.248498740041669,0.967819842814628
0.057591648700568,0.854809639863229,0.515736058073166
0.192860287776151,0.135742588213313,0.971791571863047
0.0237520128136407,-0.750318443007642,-0.660649737735427
0.00986992264449759,-0.615021463759426,-0.788448592961016
-0.28937100033411,0.871178080144779,0.396627251762777
-0.228636628253622,0.964153564572752,0.134659556446882
0.0193802320437053,-0.658476181691933,-0.752351995245806
0.547030582601225,0.647185760478968,0.530950217188225
-0.0181766333029401,0.594316331456537,0.804025937495684
-0.0117461004898405,-0.37619841228289,0.926464669439216
0.161006022821617,0.978419290781582,-0.129509660032102
-0.122342193722643,-0.989129453640514,0.0815800930126265
0.107323215798614,0.032267385302303,0.993700429302713
0.0454460500231972,-0.300951873505077,-0.952555838977996
0.0447363320209437,-0.649542047358592,-0.759008425058984
-0.0510827839375868,-0.767117187722798,-0.639469912885236
0.000372668349809274,0.661044733404907,0.750346401041503
-0.0117322203536032,0.700040864753987,0.714006402408315
-0.185302248634813,-0.624075753179923,0.759073468739221
0.296541161340798,-0.945672484956233,0.133292501016953
0.230881093748889,-0.938400778871305,0.257095116178907
-0.504636094866437,0.00985672249701534,-0.863275886828521
-0.0227631611584699,0.400886678143338,0.915844806602775
0.00943990535012516,-0.640786128765553,-0.767661400207564
-0.0717568960783747,0.812163460219786,0.579000398746858
0.0850906877282905,-0.773445530617915,-0.62812545405285
0.251700547025404,-0.367375237159639,-0.895367114511702
0.170093819221171,0.626428731405114,0.76069385243535
0.0398332931523417,-0.0194934066634198,-0.999016173969818
0.041177812785333,-0.0220613826176514,0.998908245601774
0.0582255806781532,0.717293156002016,0.694334436786308
-0.0622646040964785,-0.847028110932009,-0.527888717787813
0.132658103965045,-0.588388325692214,-0.797622094504354
0.476867407519367,0.582203997650272,-0.658510425707748
-0.00195739244534265,-0.652719526073577,-0.757597115158908
-0.0301731570088273,0.557890331141028,0.829365998227245
-0.0491910973259842,-0.977709577546913,-0.204118146956371
0.308853549511962,-0.754424343141266,-0.579183386700388
0.0647832947441819,-0.795977142350012,-0.601850075665358
0.162469265002031,0.0973256886203883,-0.981901954506797
-0.00058750603465938,-0.511762352427208,-0.859126852958764
-0.0391056852853978,-0.597339073706806,-0.801034815973347
-0.0359810473949457,-0.80745342522483,-0.588833024142713
-0.040324067996293,0.269136449473557,0.962257523277941
