0.00029874468102495,0.823001825704814,0.568038648014515
-0.0859119408206628,-0.468104479173904,0.879486972616283
-0.0757772185087272,0.996439762215535,-0.0369542072155422
-0.00765569063947458,0.793146559605108,0.608982697116604
0.00956775627144944,-0.877325286129436,-0.47980079236891
-0.13351988009481,-0.898493944363731,-0.418187844827145
-0.234820989272965,-0.337305602832476,-0.911638104345516
0.232572132875348,-0.970274623316703,0.0669130656706252
-0.0618308993440935,0.578202378827046,0.813547140001762
-0.119796516788198,-0.564360381322317,-0.816790153319164
-0.0840125967235424,0.457387430783757,0.885290134223126
0.05217169584877,0.714354416507979,0.697836572391995
-0.032929772048723,-0.705838849664643,-0.70760663395485
-0.0607031170879835,0.708456640502599,0.703138905269488
-0.469981674814709,-0.882641097514817,-0.00786881923798342
0.0124165778453846,-0.785632468659448,-0.618568874728328
-0.000192385844227932,-0.571799487043771,-0.820393387104118
0.167902431059456,0.974227008023324,0.150633696370522
-0.032363546383457,0.571948662449766,0.819650735610851
0.0394754014912254,0.901988011200952,0.429952695452485
-0.00653000454193681,-0.900517639450216,-0.434770445269332
0.0720590629578097,-0.620860070782194,-0.780602500607045
-0.540726061426643,0.738612579296402,-0.402575190739751
0.0571805999381425,-0.53295451135845,-0.84420961130124
0.860195074219212,-0.178312132304526,-0.477775279563538
0.0741905846116974,-0.84753791431763,-0.525523777719996
-0.0386513822968107,0.957787638050985,0.284866479325422
-0.00408029392757468,-0.76567041340396,-0.643220156120184
0.082965525162988,-0.736164940570882,-0.671697775721119
0.0540803932826069,-0.394718146255307,-0.917209297859094
0.0193323845025175,0.912438079379257,0.408757887028666
0.0542354514967476,-0.126747032497125,0.990451263593579
-0.30753365137306,0.949565912019473,0.0612179059081553
0.0495882975484165,-0.422623697737414,-0.90494762879241
0.0347740039439597,-0.549465178894295,-0.83479266038482
0.0486621167415383,0.740126258009962,0.670704943025176
0.014845149710563,-0.757014201994462,-0.653229760121781
-0.0304542078025726,-0.107411134518049,-0.993748151902011
0.411304241402448,0.656990329673699,-0.631816846657005
-0.095625551414241,-0.617487813922503,-0.780746151815
0.713853585013603,-0.255467393922333,-0.65203486855057
0.186479939009789,0.448712504483296,0.874003615934873
0.0421593357917887,0.789479426931723,0.612327383723082
0.0820071474551173,-0.0105836813984409,0.996575543275236
-0.395891297312169,0.634381167069374,0.663950762918596
-0.0438895235622428,0.754436720174351,0.654903767720149
0.0985298439621467,0.524712964243244,0.84555790754026
0.203756192737873,0.97811637831007,0.0420923318736212
0.27549281121021,-0.548445308760267,-0.789500762678765
0.288469732566512,0.663025966293569,0.690783454791358
-0.00132950814007714,-0.560978332113767,-0.82782941679247
0.00452964867844325,-0.477309094987703,-0.87872379626642
0.0234438994748403,0.586515298208468,0.809598782450199
-0.0581860129013652,0.732456820265919,0.678322485510087
-0.0303933448546684,0.634145336688242,0.772616293217468
0.0976691432064968,0.786571790816056,0.609725804241325
-0.0458219531892003,-0.735998319098461,-0.675430842418501
-0.133227923865525,0.945421431752827,0.297369528844024
-0.0450877551620921,-0.394123379936409,-0.917950900496287
-0.403491336924686,0.786120984848718,0.468197114693386
0.133671908708819,-0.626470363460489,-0.767897587265271
0.072425637626825,0.637957068248532,0.766658532911547
0.0685849912947367,0.655464857348637,0.752104992504392
-0.255853044767161,0.105886285844307,0.960899221538592
0.000183341406239466,-0.449762456343344,0.89314819556999
0.0924888143321869,0.526189768342843,0.845322510592692
0.015501172323917,-0.845586822960354,-0.533612817024103
0.0290161243251114,-0.135570144847423,0.990342769123498
0.113004398490715,-0.848935682521736,-0.51627338965233
-0.00784738371083537,-0.839796671624588,-0.542844332103743
0.0442695888842239,0.905369010949806,0.422311682897588
-0.352829277580667,0.299527209755457,0.886450760898774
0.248652642792564,-0.920423954353312,-0.301648151800879
-0.0507968066385739,-0.493794582177071,-0.868093655689232
-0.101361336942413,-0.534320199394071,-0.839182819111978
-0.321577235444464,0.693626820621362,0.644569558200352
-0.0699035192898534,-0.7081714210838,-0.702571516894219
0.162512864102183,-0.358908723864548,-0.919115932260576
0.0757927145072676,-0.755605237346609,-0.650627535324162
-0.0331671888540005,0.588835980161574,0.807571746689223
-0.0679709555201942,-0.776509505035463,-0.626428717249818
-0.190563955295313,0.309369475561391,-0.931652245493497
-0.0472946190199265,-0.728913271088334,-0.682970469524902
0.0907621631745456,0.813695485615764,0.574161899140306
-0.0481027576212155,-0.702622980299594,0.709934554916261
0.0475128433101944,0.487635174357026,0.871753673035207
-0.0231421980746981,0.815959075188957,0.577646281287306
0.0149708843625008,0.86353540778503,0.504065940252808
-0.0572335349597822,0.723467904068808,0.687981478136071
0.0453721662670263,0.942188754512202,0.331996562330067
-0.0212661630224442,0.727748438076021,0.685514377083526
-0.0079665863076654,0.322104393220852,0.946670636161505
0.0322489621376106,0.677467280229044,0.73484562233173
-0.0224735856268809,-0.917873291448054,-0.396236745892386
-0.00177428559697524,0.852920757314609,0.522037387217136
-0.00773630317592126,0.714692006856023,0.699396514824945
-0.0455612915902083,-0.845831630683489,-0.531500725534728
-0.252615403896936,-0.560460041921386,0.788714142844837
0.0142768907290961,-0.383850110859625,-0.923285038752477
0.191998904616288,-0.375831483586996,-0.906579900820078
0.085709482914645,-0.989219649246895,0.118736557480643
0.041762921619437,-0.23160130497393,-0.971913933387201
0.039425401401789,0.568448401026675,0.821773723779559
0.0353267932891028,0.623352282687098,0.781142720214874
-0.164771349334935,-0.968133457585955,0.188594832222435
-0.0134621471450382,0.822582401874292,0.568486554564807
-0.055472623159279,-0.948960891442192,-0.310477075793156
0.223361252811295,-0.00739318267672092,0.974707695461812
0.0318718137265757,0.249715700385081,0.967794532155956
0.0747322547016898,0.795028521195156,0.601950779211594
0.0748371348705093,-0.710771992627082,-0.699430180748086
0.00972931598873235,0.575614394142738,0.817663384080564
-0.0891071182150392,-0.796985936849001,-0.597388766171856
-0.0531942400634457,-0.709185220423164,-0.703012585916796
0.450138735284708,-0.00785588735245461,-0.892924075176714
0.0366397484849318,0.817077107997335,0.575362953636809
0.342313767946685,0.645851629582386,0.682419927053657
-0.0300352307075485,0.82618441364988,0.56259861318559
-0.11556431004977,0.6748898887773,0.728813095566266
-0.00263042253293998,-0.724956428541169,-0.688789704912996
-0.00932143869035801,0.635162401799415,0.772322364120799
0.0355326165545865,0.670441999461839,0.741110625020581
0.083963114231928,-0.711151174198193,-0.698007308618619
-0.0527547057758766,-0.944804120894493,-0.323360656480167
-0.0699387682293481,-0.808354672607299,-0.58452655369325
-0.183857288158353,-0.379679356369923,-0.906664261972191
0.111161384872096,-0.819745399156089,-0.561836833142632
-0.078208542176622,0.892639895253689,0.443934050656277
-0.12287356632946,0.632423126327527,0.764815713739981
0.0381059354164285,0.978598723433805,0.20221888185767
-0.0867470613099949,-0.13825029683064,0.986591000759849
0.0088486377695869,-0.669699507974837,-0.742579470917345
-0.0980656525729038,0.795816722023898,0.597544034136889
-0.115110044952814,0.738652385920935,0.66418546380079
-0.044251109062615,-0.595164287443026,-0.802384764498407
-0.0172331367078574,-0.840988098198413,-0.54077910248809
-0.0356902550223192,0.518313655496526,0.85444552794328
0.0180088308447131,-0.504477490637087,-0.863237014644364
0.0461446325100966,-0.876453686678575,-0.479269869695605
-0.0106621117651952,-0.717542613795722,-0.696432995168889
0.0237657633203174,-0.999410308953358,0.0247835197572066
0.462301378003331,-0.857033616181833,-0.227532012320271
-0.226301604240066,-0.0418073576918214,-0.973159662522651
0.294966121921537,-0.342655483977854,-0.891954150289392
0.0913078304081839,-0.549479228314142,-0.830503135308618
0.00850412274696478,0.502202206628559,0.864708403771879
0.0423301172340199,0.914777366418167,0.401734403635035
0.0901035788000425,-0.758521749933997,-0.64538833268389
-0.0439626720194716,0.517925762258525,0.854295141188239
0.0674853535127215,-0.997689199995837,-0.00787319966281405
0.0294250620179041,0.784452575304044,0.619490373471692
0.0115136145285237,-0.283928455118563,-0.958776339431921
-0.151794377850557,-0.320590857212164,-0.934975919008042
0.014872807955567,0.834212096469901,0.551243120307917
-0.0210102827323099,0.598977398272735,0.800490252519001
0.0411092606029995,0.121214193923965,0.991774746544818
-0.420273783533549,0.824476997584889,-0.378955970170417
0.0224599364850123,-0.879639558003818,-0.475110302190909
0.392627974972702,-0.860803296658694,0.323822416967017
0.0179836436117832,0.838885130186747,0.544011329766218
0.113937136083592,-0.546800913751296,-0.829473983764299
-0.00133047953129813,-0.623499582955448,-0.781822550121573
0.0591997587586564,-0.849927510201228,-0.523563382950009
-0.106338588964067,-0.465174944515877,-0.878808497621513
-0.0633661757168198,0.799874416236304,0.596812907053506
0.105812490089366,0.815283271972322,0.569312658723827
-0.0528544545338059,0.618933937592962,0.783662674581102
0.0329038011685897,0.797972756519654,0.601794665746617
0.145205011498189,0.785932194374227,-0.601020873582543
-0.243171018311434,-0.471284600590659,-0.847796367708357
0.0350558934585016,0.770969276792107,0.63590680022821
0.0559143321808735,0.715543692299109,0.696326656008317
-0.0373697428344952,0.811812456950334,0.582721234434396
0.0712659087712602,-0.0865224541611772,-0.99369765782804
0.0301521750194224,0.714601499854489,0.698881637151323
-0.0350377288792322,0.565820508127395,0.82378365493462
-0.0642526109077906,0.924891123233835,0.374763941908486
-0.0161537737890597,0.990456971966636,-0.136872357600266
0.010779487183073,-0.728915306772107,-0.68451901230674
-0.340670926942257,-0.801200985862012,-0.491955587212956
0.174736296302119,0.854627216263006,0.488957613681558
0.209020536665042,0.45962206793441,0.863167405501363
0.0371351970074527,-0.664556476017262,-0.746314724045249
-0.08910985436788,-0.782017724207558,-0.616853072359834
0.245158128804147,0.969385256901273,-0.0137737280248375
-0.0815514096119939,0.986975430456502,0.138668191253435
0.0557968120697987,0.866019348522183,0.49688751619261
-0.00216220939348345,-0.796107929295904,-0.605150799192008
-0.0576181231310131,0.961481133825354,0.268764173923482
-0.033280763726972,-0.607758500517319,-0.793424221847739
-0.526096005649303,0.414716306464864,-0.742450926319032
0.330768860225476,-0.927522103706652,-0.174053751010213
0.00137700039920252,-0.832251826868865,-0.55439606829715
-0.736171205373274,0.634836899058949,-0.234593409908459
-0.159707092536412,-0.810237448496954,-0.563922797594415
0.0148595667484919,0.641612481442409,0.766885008937691
0.0411540307569146,0.732353209156686,0.679680162128013
0.0142271441904142,-0.230399623193349,-0.972992087326792
0.0299329724497751,-0.653268308523729,-0.756534555878888
0.0260558598075922,-0.0944029674469564,-0.995193032485103
-0.0323278819823891,0.409858654015344,0.911575993417588
0.109000578734572,-0.9619528011398,-0.250530800930385
0.789861695853084,0.612198437651398,-0.036490743501299
-0.0203115139429815,0.787055167832472,0.616548136960566
-0.0744753243958106,-0.665860589544997,-0.742349716337878
-0.257644589739026,0.833737166373595,0.488366258852449
-0.000909879850577799,-0.92688159854997,-0.375352733289781
0.102337123678282,-0.657547550533574,-0.746430393207935
-0.0692585358120736,-0.613951052117348,-0.786299790678574
-0.209146506635276,-0.971718756196469,-0.109637573934526
-0.0133783160144139,0.669882071405572,0.742346974850708
-0.0413824180636725,-0.771829962690283,-0.634480893462302
-0.0891403180408079,-0.779004901877368,-0.620649149319175
0.124944087511966,-0.845886584529578,-0.518521803889372
-0.00180839299543871,-0.593043201128216,-0.805168610485016
-0.424546172264538,-0.74439076196963,-0.515405608341434
-0.020224021674553,-0.784119604876258,-0.620280125585213
0.156850611746739,-0.76590011715531,-0.623534198048637
0.476715294724655,-0.0765002839327159,0.875722692599546
0.0804969240837,-0.763449554390919,-0.640831509145243
-0.383915205685296,0.722059148869909,0.575534273850724
-0.0288192511167014,-0.654004619977237,-0.755941405013313
-0.0132931743286499,-0.974981224641599,-0.221889393871444
-0.0477036369418917,0.594475225443424,0.802697682416304
0.125481923480635,-0.861686922664973,0.491680723831805
-0.0377521682098233,0.758483011211118,0.650598413385379
0.177898785261722,-0.436528166675628,-0.881926970843515
-0.135441461272552,0.985570929657357,0.10151627053182
-0.0573242384295303,0.794048615872121,0.605145211763294
0.0184217986453372,0.722546027552914,0.69107732953858
-0.121075174468898,0.827763368522282,-0.547858200504447
0.153887028690527,0.933927605825213,-0.322642231393205
-0.18307011831908,0.964084143355212,-0.192424261229414
0.138745369973133,-0.427402745075677,-0.893351339514748
-0.143413961736047,-0.918377844052358,-0.368801533528421
-0.0231284851690441,-0.625581881185053,-0.779815608401599
-0.0250811226528877,0.729650602003268,0.683360034156768
-0.0304162253683966,0.583583346468672,0.811483413853151
0.277822798625413,-0.876063934238381,-0.394114800141676
-0.304644772244519,-0.937289346303521,0.169352425580516
0.152035829697807,0.895390339214379,0.418522695835791
0.087554443340997,0.90476023170014,0.416825074323939
0.0402083539669116,0.746238880695645,0.664462806490614
-0.0132145139395322,0.742474259359755,0.669744242834177
-0.0475957633684715,-0.0456710018210412,-0.997822029673646
0.0109898603458164,0.646753793472918,0.762619665100481
0.0199308382200958,0.783428375376627,0.62116241221003
-0.0362748552540615,-0.570352076249292,-0.820598954419525
0.00296364656231805,0.778885041636688,0.627159715474191
-0.0924255418007294,-0.343738914917507,0.934505793237354
-0.368586841720779,0.91758702372596,0.148922107156851
0.5205807027523,0.173397051226748,0.836019852962709
0.422677415675194,0.0142458967669572,-0.906168227595431
0.0091947256669551,0.67354312068763,0.739090739756816
-0.0604811657097218,-0.675309233694154,-0.735050656405263
0.0181538658293175,-0.77792107354375,-0.628099705852495
0.0250853822531545,-0.741972959255384,0.66996033564012
-0.0463975133236856,0.741536452271708,0.669306328006592
0.160652440049324,-0.899866264484464,0.405501540747968
-0.0788559144917274,-0.83468609130354,-0.545051257896073
0.0249961756883255,0.527764359094561,0.849022951674727
0.115911898054166,-0.1521254708673,0.981540764819721
0.222398096517864,0.97486703850686,-0.0131660129915986
-0.0375228795782464,-0.780331353606471,-0.624239547038514
0.0467927784359873,-0.604552019685875,-0.795190097637018
-0.0269447996990664,0.721062965437861,0.692345417868231
0.0227495064198652,0.659195174080307,0.751627688704246
0.0212420135245112,-0.66594057566201,-0.745702304239685
-0.0365720870715955,0.478559247159943,0.87729329725294
0.016947908280976,-0.387599008218502,-0.921672272140663
-0.073084268444195,-0.43537621054489,-0.897277128315187
0.0241223481196282,0.862471552884021,0.505530348037604
0.0287726717441892,0.573907927801452,0.818414212833174
0.00336611520127581,0.674995002853274,0.737814621291527
0.0479214186162169,0.923298646995624,0.381081547826523
-0.0163240823509744,-0.686268015770749,-0.727165548458862
0.00321082101114648,0.520169859322716,0.854056794411602
-0.0220759595607835,-0.70984977909352,-0.704007061846933
-0.0386259527311452,-0.39735255963461,-0.91685275760475
-0.099543684461481,0.0385481925733434,-0.994286222238426
-0.0468448756450241,-0.847192478301703,0.529216838672789
0.0974114501575928,0.738582366357124,0.667088522974655
0.0455732204369228,-0.433433497920841,-0.9000324907797
-0.175467544175044,0.984297986808263,-0.0191993256751043
-0.122169564395163,0.244700770830279,0.961871160962092
0.178087998921971,0.522130059561165,0.834065264558249
-0.165805770662765,-0.337205045917485,-0.926715276351217
0.0774405879803006,-0.993121194045855,0.0878251061496688
0.0134273032583621,0.225370707048801,0.974180554071745
0.00144729406249119,-0.587374352063352,-0.809314077400149
-0.108254660122822,-0.372902446621969,-0.921533881018513
0.00775863109584345,0.59402525768276,0.804408973643662
0.0849955272725235,-0.917142338571555,-0.389391436915559
-0.0367112421542423,0.726731404800601,0.685940048383266
0.000940172605254254,0.0818592334904732,-0.996643457796129
0.0760756865864341,0.0510798073853655,-0.995792821418128
-0.022609432030241,0.122537243289226,-0.992206348291698
0.0754850737673944,-0.786285467573385,-0.613235001546091
0.0565212681438991,0.875374242472137,0.480130484205843
-0.295040777290729,-0.313171658942257,-0.902703966852388
0.575290748581914,-0.465309880700664,0.672701471321712
-0.0338458273640942,-0.630255326589774,-0.775649845790777
-0.032747528341597,0.82573639942474,0.563104784256521
0.0061707366732668,0.705301102501445,0.708881003285569
-0.0210967306034585,0.635569560503569,0.77175531207705
-0.117594687082834,-0.797899290093282,-0.591209110584847
-0.0925735679090593,-0.292911972381806,-0.951647366916962
-0.0186523303947781,-0.453994730930403,-0.890809112469262
-0.0707126142821781,0.795937404749972,0.601234874155898
0.435480716878711,0.877597965677045,0.200445393726861
-0.0620725135624099,0.479941221962948,0.875101952072304
-0.0720274448702797,0.490151032524319,0.868656441005766
0.363535954856504,-0.917655089452103,0.160470390817816
0.0179470408023758,-0.268335083559683,0.963158443174048
0.0145343126051985,0.297830431338431,0.954508139266428
-0.0414983069516338,-0.776416106577914,-0.62885286034695
-0.0147050166789224,0.787433089193078,0.61622470944317
-0.035804505220605,0.259978809625647,0.964950286777272
-0.0342503884568213,-0.683115338403504,-0.729506919314974
0.0795339739694523,-0.113902326546652,-0.990303290407482
-0.0502848320890043,0.736154713223887,0.674942718947347
-0.108282416655517,0.719265510723687,0.686244885829129
-0.0397434628119037,0.798385061171071,-0.600834212793
0.451889920811652,-0.821978597355717,0.34662181835246
0.0295380989716286,-0.998538097869319,-0.0452677347861018
0.875485090573616,-0.265712936570131,-0.403636583478982
0.0386556760055419,-0.637899570069865,-0.769148800439314
0.38453873621759,-0.415854403148277,0.824132923581123
0.0247012968257038,-0.593165333106692,-0.804701642558008
0.105332335341839,-0.225056398472313,0.968635492142481
-0.0885973166113209,0.673920183683968,0.733472631740708
-0.216069597931076,-0.154789391740399,-0.964030172273949
0.0419281174623905,0.646512873466987,0.761750049168045
0.659682170606465,-0.482030372737843,-0.576598780385598
0.083618765677137,-0.362097169810174,-0.928382217430996
-0.131447009919798,-0.81017008263613,-0.571267118592091
-0.018604279509577,0.805332130897591,-0.592531889207556
-0.0615533152930985,-0.658580273520929,-0.74998880838685
-0.0487745862537233,0.667322948708048,0.74316964541306
0.0291700835527503,0.640272781301851,0.767593558955205
0.0224894267330988,-0.529159967034039,-0.848224000470248
-0.177536614738298,-0.920489556589241,-0.348108785636628
0.291158972057191,0.424474823615446,0.857349157057517
-0.0277151855342831,-0.776569063275916,-0.62942224178493
-0.0610209127651229,-0.767528901584708,-0.638103309376689
0.0948784057212435,-0.772078758281596,-0.628404709672154
-0.577489740271341,0.552031742794152,-0.601470327471763
0.0588311073675628,-0.716134585860051,-0.695478364682151
-0.0384031658634069,0.990862034294616,0.129296658290937
-0.525318216154036,0.850899928642153,0.00317540761478952
-0.123995258039313,-0.704339268904009,-0.698950191546959
-0.0298219794654442,-0.999550379026661,0.00311276861033615
-0.0741867987422668,-0.725374771689418,-0.684344766538694
-0.0341972985941298,0.702012899882533,0.711342697416218
-0.36096789577494,0.783330487739563,0.506058815946833
-0.0885464749391692,0.600973674711012,0.794348893169865
0.161175371350371,-0.682725145504251,-0.712677258909157
-0.0171262558981526,-0.648024027996123,-0.761427311368978
-0.00649821452838948,0.828519092378939,0.559923107909937
0.00255889528128789,-0.873397376104514,-0.487001514852561
0.132347977711107,0.589762696633206,-0.796658003446717
0.030610928094162,-0.800217535410347,-0.598928098441711
-0.183759869469699,0.228421564966986,0.956062706641417
-0.0884407079249673,-0.565671854014992,-0.819874133484507
0.0841261916759877,0.56474801129244,0.820964352219589
-0.0525242357076457,0.44534085637755,0.893819179870425
0.0483653094222556,-0.803388177035817,-0.593488191831612
0.0357856906702915,0.825740960758766,0.562913181643883
-0.473752888923101,0.205048383610318,0.856453945414353
-0.0335549428472957,-0.971795134943756,-0.233427251001595
-0.326048322775323,0.545076945373329,-0.772388253948673
0.229052311880639,-0.30180726133744,-0.925444442106672
-0.0334724461240274,-0.536441772204144,-0.843273277404752
0.0820931247456554,-0.98753252022709,0.134313961908012
-0.00820823058706682,-0.673872077406109,-0.738802441957933
-0.0323689276171788,0.963969814475367,0.264034939553917
0.0121896180538342,-0.768511370281618,-0.639720006690092
-0.104664193361189,-0.349629883831216,-0.931023281642421
-0.137070721038367,-0.975356325324244,-0.172892035918404
-0.0631522775074922,0.849200315935709,0.524281044155049
0.0628897290216328,0.773849549333868,0.630239444163371
0.136667946933001,0.799039005814307,0.585541236351807
-0.0252609163855455,-0.73201814612883,-0.680816656554077
-0.00684354943074992,0.741067636284072,0.671395505111203
-0.0824547753563527,0.946931540546572,0.310679686395858
0.0363636244434928,0.775542976993432,0.630246600667943
-0.0924825327351651,-0.548478663576809,-0.831034377592098
-0.0541768182026645,0.707933098264586,0.704198552079553
-0.172809211607825,0.570160996229675,0.803152174100193
-0.0502049945254653,-0.816898503314113,-0.574592284848883
0.0330047319149758,0.586901689353832,0.808985225269806
-0.0516468429663701,-0.70029046355803,0.711987268328083
-0.0131692923257237,0.682026961272924,0.731208447596485
0.0209673915272371,-0.714245036065356,-0.699581587056536
0.0479506750711565,0.761507425266165,0.646380053857417
0.0228839957950539,0.761924656444703,0.647261261499615
-0.121026667500597,-0.965138366141216,-0.232078607277717
0.0306558307163858,-0.54763097180055,-0.836158201997608
0.0187770186019493,0.728172585850846,0.685136562144887
0.0340845954967161,0.962767557357887,0.268173210535566
-0.0724734671873697,-0.28731559937441,0.955090227627717
0.00993980482117273,-0.93328178275929,-0.359007401385763
-0.171056416563858,0.850008893563386,0.498221419868194
0.0542566579602432,-0.634781098084851,-0.770784777081888
-0.0714962656804151,0.73083515161703,0.678799134615438
0.0793217038005626,0.791634587128819,0.605824023762314
0.0235531208493752,0.705355300684614,0.70846252568105
0.192184487566154,-0.860731468734482,-0.471387803691521
-0.0433490609587945,0.665561633443141,0.74508292894314
-0.000210550121959091,0.365970099637662,0.9306265856077
-0.00944853567260358,-0.763794443209707,-0.645390404093226
-0.0534982273439689,0.682234463427885,0.729173557242938
-0.0455129415971388,-0.640170191172964,-0.766883758128144
-0.0653573622553686,0.909105850228862,-0.411406086827454
0.00761813104033665,0.941148166863755,-0.337908407839233
0.180279315350839,0.979051164227878,-0.0946476955909085
-0.123361649117329,-0.489442241735247,-0.863266005083155
0.360050153304686,-0.627701836421739,-0.690184244718791
-0.122178413585425,-0.805225409332619,-0.580245185605935
-0.0774211097430536,0.750631491603521,0.656169441211054
0.00777630192402344,-0.391344151698762,-0.92021154310276
-0.667611903881081,-0.702463117776273,-0.246657483081938
-0.315801303787741,0.835137397266737,-0.450349935286444
0.0356981787860791,0.945955801910387,0.322324775441531
-0.0503168010212379,-0.233687667233013,-0.971008905066365
-0.0257301638896956,-0.615612670287641,-0.787628718907284
0.0308873691720016,0.691484569149782,0.721730601438911
-0.310460437850482,0.858489020866546,0.408180006346815
0.106217063361874,-0.598559664710142,-0.794005203530092
0.00849701013449382,0.814119337199982,0.580635432621741
-0.0175755865924739,0.732529202115572,0.680508682386826
-0.0151612333670404,0.560869250422836,0.827765559160875
-0.0347308164477686,-0.793986756973566,-0.606942171989614
-0.259371684657078,0.0250137008920085,0.965453594931333
-0.0326307689680104,-0.510471906973464,-0.859275081162855
0.0240592582980878,-0.785328888618096,-0.618611096563917
-0.0698644965840871,0.579602267713394,0.811899109113037
0.118899071883178,-0.773154307968778,-0.622973054613631
-0.0735784394351752,0.449541238368619,0.890224066320549
0.111977167246875,-0.798202751339178,-0.591889754743172
-0.0227521589088558,-0.790560966614689,-0.611960535762098
0.026724218154226,0.736152355837895,0.676288048954262
-0.103514711094506,-0.952325760011303,-0.286984932367389
0.00494838039834141,-0.721430600640248,-0.692469062118506
-0.0433699875510582,0.468936015373717,0.882166683606472
0.00581237401252731,0.64153720497334,0.767069899646267
-0.126514540904244,-0.588488339299651,-0.798545894390627
-0.0678185730037306,-0.93108325749212,-0.358447497931846
-0.159157801253856,-0.519209813581469,-0.839696352130182
-0.0125758790104245,-0.807731634984293,-0.589416196853052
-0.0630377100112466,-0.894876599568644,-0.441839471596867
-0.0549219779719242,0.767795712850247,0.638336368746473
0.0243554085218843,-0.896802023923317,-0.441761184309774
0.00770566366159503,0.724491321046512,0.689240849395779
-0.000817982733739078,0.594392072412833,0.804174977947601
-0.115335956539415,0.746744550485949,0.655034497907306
0.096409536265735,0.303055011924862,-0.948083783778758
-0.048842532835498,-0.761707404718257,-0.646077577836896
-0.0506163656901707,0.854026356401009,0.51776149537865
-0.0559813659234897,-0.751976312802405,-0.65680873293025
-0.0226199695321432,0.601614783542484,0.798466022571716
0.080076829749402,-0.90170091917946,-0.424880163914723
-0.123803407529053,-0.0521577690600735,0.990935055092346
-0.0391634373340408,-0.693403564836018,-0.719484344130493
0.0802334470005538,0.922134304087245,0.378458609636433
0.807798542972435,-0.409007314155698,-0.424469705560659
0.00862209526857006,-0.395158202354036,-0.918572618025111
0.509469992816056,0.654159305378344,-0.559031242066962
0.0499365548539758,0.872721071969555,0.485658595136158
-0.0551918149870361,0.693714782155284,0.718132066250828
-0.0987585945427444,-0.663518309332188,-0.7416132369267
0.165216149905075,-0.835496269084113,-0.524070232084471
0.110747912374358,0.405381944248306,-0.907414116697655
0.216012152397151,0.630731287048289,0.745329989706008
0.16521965312942,-0.528711096782299,-0.832566539298243
-0.0337759136058753,0.982838536379369,0.181349383973995
-0.292576818731165,0.95527243407537,0.0430509214404075
-0.128269799792872,-0.965798343097949,-0.225345110730968
-0.227706871095792,0.203190335911551,-0.952293688022721
0.142441112639837,0.0831975951912721,0.986300506734288
-0.026466681166211,-0.812701663734792,-0.582078620592397
-0.143784145405314,-0.321573093529941,-0.935904303359936
-0.0261671639694958,-0.798634175749681,-0.601247646859779
-0.0320543576406342,-0.711642033358246,-0.701810611571232
-0.114145605736402,0.686790589065752,0.717836657925595
0.241341852313371,-0.18733935231795,-0.952185946858618
0.0126243356593505,-0.69189007099023,-0.721892482170506
-0.174322654750942,0.83544259764721,-0.521197926009942
0.00529760035730616,-0.616646341798182,-0.787222474639396
0.0326730773167443,0.829756758249808,-0.557168010708999
0.086674775700417,-0.135486361906499,0.986980713587973
0.120372546195511,-0.0771418006224185,-0.989727029397066
-0.116509954178829,0.0807709857419505,0.989899731507955
0.244102324883772,-0.956809641034727,-0.157890360089949
-0.100689950229366,-0.483919485996491,-0.869300560793388
-0.0200798089342951,0.720475367831649,0.693189761624487
0.128913403972936,-0.67858236143775,-0.723123304161661
-0.0938399948189096,-0.562905301564787,-0.821177007010452
0.261825577882123,-0.89650824287792,-0.357379822064198
-0.563407543952993,-0.22890093059473,0.793836446246784
0.543782652594925,0.614973769852282,0.571058393800931
-0.598233291761244,-0.552647259112896,-0.580256784211533
-0.676285464664795,-0.469013784936084,-0.568035245229599
0.563973564804224,0.618869902456555,0.54674844493188
-0.627907004678765,-0.517565775708086,-0.581255934413602
0.297540174383547,0.821419825586631,0.48655864472953
-0.559022938853458,-0.576169807956123,-0.596256409806592
-0.544886426345029,-0.582018702530062,-0.603616610349787
0.593692257339363,0.498234093664231,0.631895791634882
0.231997037506424,0.781907838491426,0.578616891123918
0.519680061610365,0.659594221272096,0.543017584272466
0.610500731773972,0.602583632368714,0.513986208477204
-0.37157617933124,-0.638394026413473,-0.674080269695822
0.62056818845421,0.506434654683215,0.598681103772745
-0.549669871727786,-0.514018246967927,-0.658519759687421
-0.621866567942761,-0.552613072158204,-0.554888064527399
-0.62248912855215,-0.537250106324494,-0.569095429685308
0.0330858744952577,-0.936332320832472,0.349552728316287
0.596910631067997,0.525151882300581,0.60655848772741
0.562349393421201,0.5958036477807,0.573394430571155
0.632321633787188,0.408132249919541,0.658481144772055
-0.587321707216371,-0.574205679563626,-0.570386754570372
0.530975640949472,0.577755640475649,0.619889739080161
0.615365043407932,0.552733013062775,0.561971600369717
0.329709617242589,0.94382181189355,0.0221800742045825
-0.562943154633726,-0.6459750916333,-0.515568798164104
0.531949401026322,0.566887570684035,0.629021714213183
-0.582270033047208,-0.590260248279997,-0.559065691950096
-0.534810054761747,-0.60081609366944,-0.594136538948356
0.356374383437671,0.884518121294729,0.301039851067369
0.75160064833627,0.293895342954345,0.590526877297084
-0.541219775657409,-0.576415996759681,-0.612230147180688
-0.557355503336153,-0.44562960452427,-0.700549140654991
0.551326619949838,0.592079606232183,0.58777606111395
0.592885527221084,0.760074613463125,-0.266032579923323
-0.540028796146208,-0.596296086691351,-0.593969592091598
0.565823213921469,0.578965508418091,0.58706305508843
0.560687335395187,0.593220594904417,0.577684202405341
0.708521025766156,0.419686794092373,0.567327904224479
-0.72189112236576,-0.456983784443364,-0.519652795821714
-0.76921763646097,-0.394021555066481,-0.503041988208133
-0.546492118065572,-0.553533725484105,-0.628447913230597
-0.582010530073565,-0.580463140194831,-0.569496519531634
0.529866007096644,0.587229293427424,0.611885423477457
0.61264280865576,0.533694001334559,0.582957547289586
0.479854412804959,0.797406283360974,0.365900207390001
-0.619628577172187,-0.577285157692131,-0.531791569188477
-0.551596763181544,-0.59987184264589,-0.579564304670558
-0.440206229510279,-0.732968682880909,-0.518628369274348
0.655019517331675,0.68372213035684,0.321672940072496
0.537941270762828,0.63345855837167,0.556191912954297
0.342580856686639,0.526360700858552,0.778191987380712
0.585960536826201,0.58854289228121,0.557016618448334
0.467144150220487,0.539705214372166,0.700353214095768
0.77629630277136,0.458255969001425,0.43285738665071
-0.621522274346352,-0.562570283357388,-0.545183215785782
-0.581585721308617,-0.602534619657296,-0.546543759349947
0.599903062006672,0.545819562486091,0.584976342600716
-0.545450842134131,-0.545013688618808,-0.636744421281638
-0.561010255689782,-0.606513916803342,-0.563390061799775
0.50315990542554,0.62324571448872,0.598660913158364
0.455484555362051,0.651553303705683,0.606640018674044
0.443751899165395,0.580570588224197,0.682658072592799
-0.600326838867762,-0.589556212417822,-0.540399073772885
0.60367301054963,0.530293408435285,0.595287995262825
-0.612985228402564,-0.534284212084255,-0.582056260577759
0.259471083582903,0.863384008659579,0.432715622984924
-0.525416386106573,-0.581082704879383,-0.621514691138326
-0.534013000122872,-0.600577342622561,-0.595094086030261
-0.492964244711541,-0.594354809732566,-0.635396422388217
0.572837349944886,0.566778100319593,0.592131704527154
0.360341682344112,0.679956847040159,0.63860203423464
0.513331075399815,0.656882870337128,0.552264521480897
-0.506756222331747,-0.611331644594407,-0.607841880299107
-0.427069180076734,-0.619013566262507,-0.659116165946154
0.5163672740934,0.606471434428125,0.604613295808192
0.380971099402707,0.629931604786864,0.676791840014741
0.593327256569283,0.550670899683897,0.587132290760179
0.62706643357855,0.47999639779475,0.61350725014717
0.769166768570897,0.421989532002238,0.47990344550413
-0.520860876040955,-0.612761487041495,-0.594329292403247
0.626159827858158,0.508535395888182,0.591029289549589
0.631667363908489,0.477555920349279,0.61068542172894
0.559922107255163,0.607458925296724,0.563454423963719
0.860292377953087,0.267005681249336,0.434286760811795
-0.521573169725397,-0.659838832251368,-0.540901233198589
0.594400473167823,0.519908669624464,0.613500654235338
0.673498616687083,0.490625615677301,0.552888884462199
-0.525237424910259,-0.554336645962789,-0.645628786855393
-0.48213831792158,-0.763679280247263,-0.429344383115434
-0.703475468288822,-0.486551267093328,-0.518063828119374
-0.544356030003695,-0.57928567634583,-0.606716258047509
-0.333733968530473,-0.513434087306911,0.790573890436701
0.650219976007564,0.626763910719379,0.429396067774814
-0.574934546178246,-0.616000830057423,-0.538510208797735
-0.575777233247209,-0.536970320970232,-0.616557744312173
-0.558500090399194,-0.64965213437506,-0.515780722134922
-0.611166818841726,-0.470631744991139,-0.63638108092045
0.67119725071709,-0.133788227340819,-0.72910558964722
-0.447615108907839,-0.653063440753895,-0.610859113567202
0.461931900523252,0.642915870278549,0.610964895082322
0.609788250970998,0.622103086433378,0.491066226519189
0.391674806467672,0.782471484195215,0.484075637064963
-0.694679190736558,-0.50631464443783,-0.510946477417543
0.82694353791282,0.46521688376781,0.315812659913431
0.499758390638828,0.56098157304731,0.659955472503603
-0.283119813990061,-0.769968297209066,-0.571832136399489
0.211672410680493,-0.302964975244484,-0.929196972838277
0.598864554601375,0.557209239941424,0.57522092118246
0.551382318563037,0.598396586769841,0.581290859826863
-0.14458469198365,0.770405349965468,0.620943526891599
0.281803549360476,0.726647104755661,0.62655466219481
0.630186840792836,0.608469851930207,0.48231627070168
-0.578578027920683,-0.607715067755403,-0.543994358454626
0.587905075285885,0.515930636013503,0.623043498702779
-0.466223631220166,-0.740507344832824,-0.484029335826376
0.516738798476791,0.759730096485868,0.394703932894437
0.490128823329655,0.61574154223558,0.616957121449163
-0.783481925125343,-0.404391904898523,-0.471829694121121
0.562751962904282,0.573475090378246,0.595345739014768
0.596603415929295,0.586196568474528,0.54812220098276
-0.594160398258107,-0.526794225596391,-0.60783325428942
0.55105452402616,0.586586031443119,0.593511364058107
-0.438634128007539,0.611525920450107,-0.658510554482397
-0.623167177109748,-0.50942692629936,-0.59341964589509
-0.55445541120351,-0.583545538163787,-0.593341218757203
0.574191728985084,0.640198879855797,0.510342289641475
-0.575324631703088,-0.583503138474724,-0.573171576010057
0.592571979306494,0.438511272840043,0.675696909074616
0.25270224378315,0.828096687579877,0.500397294163545
0.714131944800536,0.466792020467976,0.521651967352592
0.550661503344536,0.585337480404036,0.595106665034589
0.616609513594281,0.613607630813518,0.493232585250047
0.100652344385299,0.724801032259596,0.681566261786165
0.601186755938041,0.572239376019859,0.557778254342258
-0.76738181714063,-0.427558973513162,-0.477826821024434
-0.696372246064187,-0.552149193383358,-0.45847242355198
0.709525119224948,0.403680926264066,0.577594853646922
0.537067353723346,0.606912972381173,0.585845800121543
0.562413634802305,0.618353689321939,0.548934985485901
0.556258101489886,0.598243822648047,0.576785274768973
0.550333332502105,0.496815044610915,0.671049949396751
-0.597597995598819,-0.645894167694251,-0.475076162099115
-0.636511517191764,-0.532376142340737,-0.558058000165426
-0.686885389980792,-0.449243511423118,-0.571286905569489
-0.599375851219608,-0.580104120698945,-0.551568489059042
-0.454750832105986,-0.445583275866758,-0.771140210964752
0.483993340823342,0.589025972863052,0.647146698462872
0.616195763113012,0.541459229727864,0.57194814805547
-0.0787996841452085,0.413192163733805,-0.907228111120677
0.680850158584464,0.475452698485247,0.5571245758882
-0.632640877614945,-0.574957634788696,-0.51883449978657
-0.737574729222716,-0.369043483813324,-0.565500155496851
-0.546276345920463,-0.428445503706134,-0.719733703700044
-0.590341840834394,-0.602455593063143,-0.537162702863105
-0.603996570991761,-0.497444722389081,-0.622685225774182
0.583605844411308,0.583134729384746,0.56511778042665
0.674471501245811,0.511174353490224,0.532718475689621
-0.543599486663906,-0.506449113163807,-0.669334665077442
0.636338271854535,0.469308653266298,0.612227891999832
0.570502317674362,0.543933619599394,0.615356256974513
0.59828895377183,0.562484174074695,0.570667925951791
0.462531339561627,0.633139657280323,0.620643967425997
-0.553770839531277,-0.539450502219915,-0.634295682579903
0.554672244873778,0.54185812576566,0.631449500996247
0.617052929522905,0.676541823172921,0.401916463540698
0.634384951750206,0.526717529869621,0.565795348797543
-0.561741959901884,-0.630671715696862,-0.535442954483077
0.656021658241348,0.512131678740626,0.554397625850418
-0.575001472239812,-0.617039492403746,-0.537248147261744
-0.565921940777691,-0.519635273989035,-0.640087133890967
0.73327492043574,-0.0617794396509616,0.677119776624765
-0.327577406141248,-0.587784227408594,-0.739731535758382
0.588526869896388,0.653357371527568,0.476193519990085
-0.585167023222534,-0.464093267314023,-0.664978942649068
0.57900404680914,0.574544945570183,0.57849150322057
0.582212194773652,0.557151959771077,0.592123850203735
-0.835425892471191,-0.324583869206329,-0.443518759512788
-0.599357304257374,-0.619416213765225,-0.507044747490876
0.741584482960731,0.51700725835042,0.427499648473361
0.519896929403663,0.551409284827093,0.652422396460388
-0.596813036206697,-0.586276921909726,-0.547807968771723
0.438550728376191,0.493391586678034,0.751157773597561
-0.0648595677234376,-0.453116319204783,-0.889088768203175
0.602793079314181,0.551409010544165,0.576704956300561
-0.564207483410641,-0.585230141132316,-0.582387841196638
-0.605972112057463,-0.555535014820361,-0.569366882350175
0.792628360361662,0.54588013604799,0.271579011373506
-0.810246804733674,-0.523085793115787,-0.26435084350026
0.514618351153936,0.157508864042714,0.842827924551375
-0.616071051821267,-0.684557258987908,-0.389663724607257
0.526642887428368,0.580911951034506,0.620635621171066
0.0239530160140269,0.930744853936516,0.364883912901796
-0.777683257907104,-0.455484274165547,-0.433293002896283
-0.418753259475664,-0.372931063428542,-0.82799041637483
-0.729313153110216,-0.66838224442869,0.146176263575527
0.691504987736624,0.522058668033131,0.499275073548484
-0.344134996620026,-0.699600101130232,-0.626203483382122
0.582174337997342,0.612197050761794,0.535058698850806
0.354384471877077,-0.784304675534423,-0.509193305167348
-0.91498275453338,-0.256136325421943,-0.311770334871446
-0.551431686812611,-0.571416080533607,-0.607788415229024
-0.68447459686264,-0.444037337267659,-0.578208759326571
0.381283620267563,0.864430716817228,0.32769244229691
0.556592374755891,0.639989907998454,0.529733750127106
-0.354693649378468,-0.399025242336058,-0.845559738320856
-0.562053829968313,-0.547911581072951,-0.619587275163144
0.544583381257059,0.488682426288567,0.681629244601014
0.739991316639747,0.479049910052449,0.472148318832667
-0.472984281647891,-0.735303144402369,-0.485402055152239
-0.45716242311888,-0.666509336870356,-0.588869954024411
-0.554496107453831,-0.590037284287991,-0.586847569619745
-0.575845934325522,-0.611755123478299,-0.542362543709296
0.555661661356509,0.575708034828049,0.599833624210038
-0.52316308031622,-0.636280121642281,-0.566963842054261
0.531855845941022,0.517622936244864,0.670220750955687
-0.554600800451255,-0.528626714495144,-0.6426287799818
0.551185305388665,0.597622052266562,0.582273682874563
-0.604848303117693,-0.544785324512042,-0.580833436031326
0.648237767273044,0.443369705716386,0.619040468090596
0.575672753544402,0.573873976643314,0.582468488210475
-0.462452131974683,-0.669485762163783,-0.581314751139216
-0.565575357499248,-0.560197419202022,-0.605230011242826
0.575427876833239,0.575237166254444,0.581364740178442
0.592072685274479,0.551356010559644,0.587755463582961
0.582292969393077,0.555814436487255,0.593300269667685
0.857068681592156,-0.50762524462597,0.0880334371265103
-0.716129175202774,-0.590794049813751,-0.371646868852762
-0.570667081104785,-0.599242971567131,-0.561468559734861
-0.78992700708768,-0.600110050801134,-0.126028768148232
-0.503968536316418,-0.652696925674724,-0.565687579515275
-0.694697906394033,-0.400203954960305,-0.597688558771102
0.551227370683526,0.590805320149704,0.589149776790361
-0.568006710617087,-0.603066861274096,-0.560070296951165
-0.611205256121908,-0.494937308366576,-0.617628687542768
-0.535931868574798,-0.71025037428611,-0.456422433796112
-0.561542329585077,-0.569535037444005,-0.600249992259742
-0.621341003043947,-0.616857370640536,-0.483138015708542
0.613701464202591,0.434306507933377,0.659354510109935
0.341717559516605,0.80058835815123,0.492226970320332
-0.542831814622327,-0.564894139252123,-0.621472632118612
0.767602096888691,0.566169643413352,0.300397995548044
-0.53706860467168,-0.64566771612039,-0.542835623587743
-0.541803982703572,-0.603090982317554,-0.585431218311592
0.542035277647817,0.626335363947145,0.560269372404428
-0.622566687789467,-0.569536188671549,-0.536692881495868
-0.508909692129302,-0.776607198783419,-0.371338368680951
0.572683166179066,0.599788729285715,0.558826870682636
-0.602914790892694,-0.512557394121174,-0.611374412822888
-0.668260462021115,-0.49617442800798,-0.554291342066859
0.471224588630977,0.592902614697027,0.653003733951801
0.586659394295763,0.61912974392633,0.522024056217954
-0.546938825804051,0.639146110240752,-0.540694156240108
-0.522613907307129,-0.816073113090803,-0.246777993304631
0.600000714003248,0.561587935779229,0.569752695107989
-0.650878254583813,-0.547568815943255,-0.525857290066831
0.537986804214817,0.311206932575228,0.783403116925026
0.618907694679616,0.525715364005797,0.583589428892107
-0.565102140574439,-0.677613294601444,-0.470637645856728
0.899695620081069,0.329029057750224,0.286858275744207
-0.766753225873062,-0.0661286287460608,0.638526816252394
-0.597773690265963,-0.552166795064584,-0.581187100384995
-0.549732618054656,-0.627303444591317,-0.551619830182565
-0.854416331721887,-0.460412077940954,-0.240818293684277
0.595991680045341,0.609923711389063,0.522290133548512
-0.306836223751226,-0.710387562629622,-0.633404327941665
-0.60091444750294,-0.572859078743085,-0.557435469524375
-0.544017106476282,-0.341903416414289,-0.766255467651234
0.547427805453908,0.665955289441288,0.50678037677192
-0.589744227769142,-0.512832047362777,-0.623862995384948
0.485813925555965,0.75960308646411,0.432421068832338
-0.595154451697198,-0.583034887178406,-0.553047465375143
-0.914473079453572,-0.132728969182681,0.382259084515207
0.599803971604817,0.584776888782519,0.546142093225678
-0.554249628294202,-0.585779286330438,-0.591328992390819
0.320152746977293,0.731769280175379,0.601677604032675
-0.456704479958888,-0.708865355613833,-0.537522953552642
-0.592365158939681,-0.558809604724191,-0.580375175332611
-0.605799647565297,-0.487187005663995,-0.629011612390354
0.622365697914832,0.599671872323591,0.503045309691784
0.668435446982917,0.471091841470639,0.575557581929515
0.601184875627657,0.503404851147573,0.620612843210361
0.437200841920199,0.710196466741806,0.551793804288997
-0.675939857566065,-0.268756541594975,-0.686203490448333
-0.616107854777502,-0.693689307790637,-0.373103545330798
0.510987206528021,0.685461782389789,0.518685087165327
0.613003757494612,0.527642307865127,0.588064612307398
0.4396010860956,0.707414210979402,0.553458236191277
0.610851863920032,0.556082964692433,0.563588268795844
0.708781042286833,0.52230314745013,0.47416121336364
-0.272627650640086,-0.610690444039574,-0.743459041013838
0.125110963871789,0.527569738862131,0.840248425976517
-0.592439730177965,-0.561901185694932,-0.57730600518381
-0.641799562793299,-0.704843267669241,-0.302141174320345
0.889170420064056,0.347079040392574,0.298181327053322
0.273331546709815,0.365595249439008,0.889735904165303
-0.562899713363719,-0.570190731221731,-0.598353108727506
0.587538313294757,0.544550568376615,0.598551091295854
-0.597228219949498,-0.550945335954573,-0.582904529134794
-0.845331361899372,-0.530677243430105,0.0616161658558718
-0.593462584466375,-0.547028638193028,-0.59039125148936
0.550799733505529,0.628610251894725,0.549061749517383
-0.493354153992588,-0.61205310751344,-0.618055557633291
-0.636493837573419,-0.639069591291656,-0.43181668821084
-0.778423021348414,-0.393786768126636,-0.488865606361489
-0.650403514975343,-0.686795581332173,-0.324479733065597
-0.19334351034799,-0.805867276143318,-0.559639366241928
-0.447611919314374,-0.61663630574625,-0.6476134928515
-0.5847580071074,-0.41034785007239,-0.699766185996972
0.562785504713341,0.63121804662646,0.533700527728451
-0.577633595590017,-0.588208458967674,-0.565994909910524
-0.624914099729479,-0.557129049463368,-0.546890839385099
0.50096829696325,0.559274787820045,0.660486545772572
-0.662450007415456,-0.243717958583749,-0.708351285972597
-0.505206038409129,-0.559396958424284,-0.657146788518832
0.617049797413983,0.466051504331744,0.634070613434719
-0.685465132254021,-0.444059117845532,-0.577017376100777
0.537006803106489,0.650482460688731,0.537118480182615
0.59377025073616,0.379705738343369,0.709408515320923
0.546916284249147,0.656399612286089,0.519636533563392
0.582722387305721,0.595214409330464,0.553312232160205
0.630486132838219,0.559035689723264,0.538485221630401
0.541064581169831,0.587797604067628,0.601450825634042
-0.586975697548905,-0.590198935378821,-0.554188367944225
0.545005573339015,0.598120052992284,0.587555382272955
-0.610931919738808,-0.449142379079015,-0.651945789739835
0.611084105544908,0.597043758048764,0.519725857472369
0.718187602303366,0.513060086429326,0.470080754350649
0.312007103184569,-0.895833705127484,-0.316438841357912
-0.570882493088435,-0.599164563081392,-0.561333239201651
0.523106027581046,0.615876456481377,0.589114822645229
0.459082783536503,0.606624820369444,0.649037229419173
-0.541079565022199,-0.603246126199563,-0.585941136583368
-0.521349501012463,-0.711892263145756,-0.470535974679162
0.592633965841551,0.623236473670834,0.510256092974164
0.653088456903492,0.552805937135101,0.517572278360809
-0.582603405662116,-0.630759970399325,-0.512557442100636
0.715770527229225,0.600055762949184,0.357219307570952
-0.573806244762601,-0.539082379573082,-0.616552172573632
-0.582732797383647,-0.561351109478725,-0.587628640163525
0.205048930117423,0.894668636730501,0.396891630937825
0.542846738376458,0.707167125531831,0.453025468600926
-0.777207683038189,-0.626115592790866,0.0626696249434437
0.424825034778392,0.858207973637891,0.288102002439907
-0.380078230845848,-0.790583910098759,-0.480122504711088
-0.590117245923026,-0.581083364695948,-0.56044960463708
0.501777725957747,0.597313669041304,0.625648059622251
0.509178631675016,0.354589498188275,0.784221530449238
-0.546213670449091,-0.58261382475941,-0.601840308897421
-0.641790144055317,-0.512761856736864,-0.570246165501548
0.581072618215979,0.501638391554342,0.640869359915419
-0.635350190094841,-0.475045967462251,-0.608819730909161
0.584826420152776,0.611923283960824,0.532473429231816
-0.655174331636911,-0.56796979011052,-0.498153503135267
0.531907498606859,0.552715000414852,0.641545431939317
-0.607172334108698,-0.598140221969756,-0.523039225637014
0.752225811400162,0.374703855256516,0.541990174744221
-0.526335031182901,-0.640987352603315,-0.558665059541304
0.597117679702474,0.605588987216146,0.526034652042293
-0.648474527005507,-0.622933527674568,-0.43753240785558
0.456117874687562,0.81713904669958,0.352477322319328
-0.632439513574908,-0.440773130497019,-0.636976694315413
0.566193722609602,0.514603120347136,0.643900844079639
0.572395692883028,0.58447832735882,0.575107168810122
-0.553489101854304,-0.624959083296147,-0.550523349490424
0.554732721479045,0.673665991810641,0.488309061146972
-0.618555507717102,-0.476450172838514,-0.624807423671477
-0.656942091598258,-0.519736481442907,-0.546169459182636
-0.542421387347606,-0.533231505029987,-0.649186568400297
0.580523481297522,0.611400404538345,0.537756481125568
0.553384763288375,0.591726300868798,0.586195606108061
0.577235030018068,0.583105040278999,0.57165394437655
0.763417674684643,0.600923611522054,0.236821171127888
0.662516700502161,0.569005810628956,0.48713859324243
-0.595457828507006,-0.547514047446474,-0.587927157323508
0.57569499365219,0.552108818424964,0.603117838321165
-0.61332284664706,-0.491712906404026,-0.618104767378843
-0.574182072633381,-0.652864901229207,-0.49404692915695
-0.438275866560348,-0.629568362310504,-0.641527818546044
0.531781659798274,0.59297469611697,0.604639790343953
-0.656952409152585,-0.473015125354332,-0.587086214532959
-0.520076478749483,-0.106409275217357,-0.847465351739677
-0.377688302484579,-0.616814829428624,-0.690572959478762
0.603496175482514,0.535771999703505,0.590542742324116
0.627070834518684,0.569682710167961,0.531266202794538
0.385089792376381,0.635523397072123,0.669190453892929
0.574985043512063,0.562398063363481,0.594222700729648
-0.600153396593064,-0.541134191123005,-0.589058305904822
0.929801335674995,0.0230510390724896,0.367339251611741
0.651579371126068,0.651008281359291,0.389400232055118
-0.597756928848699,-0.395953171329777,-0.69707082863025
-0.99675021474525,-0.0541190322954982,0.0596669066459504
-0.530520913552296,-0.593277734373341,-0.605449494326713
0.463543862319782,0.539822862010611,0.702650955564946
-0.682235555452466,-0.586110741938421,0.437068467246104
-0.429777028514648,-0.67751663686632,-0.596877636145358
-0.627291993534878,-0.563304562926426,-0.537766421630531
-0.72326519392756,-0.520543582213502,-0.453786115112907
-0.681139473363866,-0.629839297984431,-0.373298106799478
0.640712782426089,0.53770383795697,0.548052655391946
0.618723568728997,0.544608474216818,0.566200278444371
-0.604416945561549,-0.535252366327412,-0.590072080562157
0.574915308586527,0.582284043793822,0.574819693726626
0.689612767324267,0.194360002161161,0.697609074412941
-0.970422279771076,0.211300884736073,-0.116758447376029
-0.620624248497517,-0.567199837067683,-0.541396238449517
0.658112758489065,0.560709556070174,0.50248620960729
0.554745215056231,0.61255279282751,0.563060229790236
-0.529144145961096,-0.6161401252359,-0.583419076538806
-0.512263491950993,-0.691065492458572,-0.509916267584361
0.175723697372264,0.805339599184595,0.566170744711361
0.553306823035029,0.667578417168621,0.49818733074369
0.611653091975874,0.655702023038502,0.442645853995684
-0.644883901742189,-0.46832696207143,-0.603982292679773
0.623290568621531,0.507435218266797,0.594994425461261
0.615891409784993,0.492295952451408,0.615079235995669
0.64390567636756,0.469730910245228,0.603935718352396
0.68948203639405,0.566765987682475,0.450988732338429
0.471176793480965,0.712031618822837,0.520579871951966
-0.441059047587807,-0.710268261520406,-0.548621830788492
0.629647397055274,0.513439780588499,0.583029799487772
0.553969216508292,0.72440476035946,0.410311893965728
0.59902256603236,0.356671746409663,0.716908104778491
0.513745435831634,0.653452006821019,0.555937138482173
0.568902828526608,0.586090479760356,0.576929390158536
-0.625304861515752,-0.493740618876971,-0.60432940639667
-0.74141935141476,-0.420778562357735,-0.522726263744108
-0.811677418728377,-0.013459864332976,-0.58395085407813
0.441827385009064,0.640706527327636,0.627920144362174
0.549053533603485,0.62148469867306,0.558835384127368
-0.0909162204513188,0.605714243944834,0.790471059268576
-0.501380159368271,-0.655493523918226,-0.564753199099495
-0.960595615027225,0.263723183081622,0.0877846632149689
-0.050133133378461,-0.309917627705255,-0.949440747479907
0.428784961714179,0.646165798763105,0.631358232001935
-0.330579891144012,-0.695591529198383,-0.637863120174437
-0.647811806220438,-0.540776975268766,-0.536563255115908
-0.607375734605263,-0.544758274696725,-0.578215478141293
0.544566313570009,0.512593576934223,0.663848894712155
0.400743414001816,-0.893376469649208,-0.203182675470343
-0.665246214540448,-0.566512736856574,-0.486323753294941
-0.556052565194596,-0.572761021676139,-0.602287603051079
0.550544687854555,0.682619577856938,0.480552867644702
-0.355897207538043,-0.500535534711624,-0.789177645500411
-0.612872286048838,-0.540851306237397,-0.576079356976599
-0.473044905923389,-0.674520632919965,-0.566789584189037
0.643659720578185,0.49258434841103,0.585715650982364
0.164033421535889,0.106934682511987,0.980641631940685
0.609500293407618,0.792019668664079,-0.0348459005518576
0.59425514655491,0.571820926325604,0.565580806789914
0.520580578927958,0.766556808436382,0.3760139894776
-0.632588163208009,-0.611985177008282,-0.474664469800785
-0.323437567548619,-0.788125417395018,-0.523685465097287
-0.603802293165319,-0.57062203749956,-0.556608732493619
0.61333167214513,0.503602337906959,0.60844798068389
-0.55455047395015,-0.585150124534247,-0.591669758902058
-0.373711783135428,-0.700351492945133,-0.608150712796805
0.587173394919964,0.547606103775706,0.5961165652838
-0.455750407282234,-0.601233571989135,-0.656360996841877
-0.748817292198277,0.196856989219026,-0.632866485682771
-0.617402143725208,-0.547362059391822,-0.564986166965051
0.548128822169007,0.142534943135529,0.824159319727059
-0.586737240044962,-0.568340657609751,-0.576826063950075
-0.56364620179219,-0.59952347166883,-0.568220525960996
-0.65356759297959,-0.641746176056459,-0.401262067636324
0.663212707692436,0.590743827634042,0.459533061343303
0.579627564830834,0.581094991613052,0.571279701031381
0.566213434061587,0.597508516797572,0.567790383365685
0.541555784489478,0.541854784533036,0.642736901667116
0.765553422533279,0.47737169740038,0.431328436077038
0.539312716666188,0.532036838113138,0.652746962101479
-0.0764011860873662,-0.304804339148441,0.949345655491574
0.770824024410883,0.471576326644868,0.428306072265085
0.478262479914742,0.573894222094268,0.664763433224644
-0.624376063529997,-0.535928475111888,-0.568273878385265
-0.552906655606966,-0.603429628911199,-0.574601525526701
-0.565917603130675,-0.822225497272116,-0.0606835900590391
0.516121572380469,0.520288727068428,0.680380895535014
-0.665821353497258,-0.641468189696139,-0.381051816469935
0.578861984964289,0.558186605836901,0.594429571461148
0.568895242353375,0.62104123029704,0.539134485540328
0.566427508062965,0.563612265300134,0.601249609158153
0.461191634187212,0.641169849721598,0.613354302474281
0.594976952605486,0.54699895895247,0.588892659805846
0.70174862263281,0.53387259439544,0.471729714546833
0.568011480694688,0.569192078883454,0.594460541277014
-0.539590792252858,-0.608913404708245,-0.581434641625821
-0.560058593215426,-0.622790997220929,-0.546320186288333
0.495959500440621,0.577969394949522,0.648055207852212
0.587913528714724,0.793146815274236,-0.158983685246437
0.642383819766009,0.506852018784453,0.57484263860378
0.697888608829713,0.534619282549478,0.476585472283838
0.450803933802486,0.626963521470215,0.635368047680926
0.857286324477806,-0.482082097671772,0.180712503628606
0.655678708701996,0.482549227472678,0.580716517778171
-0.597058425159367,-0.574881056386077,-0.559493528072171
0.673900437458995,0.722707314333197,0.153467710616509
0.533452940164441,0.594375183442396,0.601785760829992
-0.574850748153164,-0.600872973611304,-0.555426220961215
-0.6319228601932,-0.459458992253063,-0.624156176932541
