-0.00352258566592575,-0.946241281608043,-0.323442465318013
-0.0969283716746385,-0.617859559931726,-0.780291262904742
0.0100941972490694,0.641339461406268,0.767190851369472
-0.0472838598303919,0.772665844345988,0.633049547492644
0.0223903162490294,-0.490296152120163,-0.871268246267721
-0.0782201479951151,0.791471315239216,0.606180472797606
-0.0524940685384097,0.626492629236131,0.777657609929386
-0.849647732398873,0.527272243428339,-0.00909462145993086
-0.0407947831500486,-0.646027273670274,-0.76222342350645
-0.126417276957826,-0.668855289716756,-0.732564859588885
-0.0334938816640817,0.88708360729557,0.460392043326718
0.00654261691647519,-0.796995305371735,-0.603950061991304
0.0114459195589259,0.755203761955932,0.65539016536187
0.176409481945803,-0.982894004034454,0.052906252113831
0.0662886007697567,-0.753072342425381,-0.654589847524339
-0.13539240181057,0.154043325771254,-0.978743863999819
-0.163186793967422,-0.90209843806456,-0.399485266707191
0.103618571537598,0.81958914502969,0.563504059419282
0.00672990073719266,-0.844495243189865,0.53552076772592
0.300892569227753,0.484341196554772,0.821509139999923
-0.40296975830043,-0.698277053137328,-0.591628710389499
0.0119855235380905,-0.834142764147414,-0.551418349573198
-0.175790368267457,-0.674580092638784,-0.716965442012264
-0.126266084655515,-0.824297484433734,-0.551897212370188
-0.113446183736945,-0.803070390715856,-0.584985393792875
0.0250399953995898,0.713190762984381,0.700522615069739
0.14657406217748,-0.630798443411919,-0.761977275308058
0.18440627400582,0.716922594585428,0.672321589330723
-0.0625879201984663,-0.816290134479822,-0.57424138530425
-0.289736741595832,0.795980946395992,0.531476202236724
0.0383612076030961,0.581065186880984,0.81295243793607
-0.0658863410106972,-0.804366855591542,-0.590468417185879
0.157321798662173,-0.589085867030693,-0.792608158506078
0.278084638411059,-0.954208492075138,0.110250113521403
-0.0316341177794914,0.670052847482559,0.741639039002686
0.00110619663118554,-0.998947144101009,-0.0458626168186131
-0.105463667269584,-0.689459198525311,-0.716605490109367
0.0244070088995545,0.816061766941153,0.577449123692695
-0.0255158432783044,-0.769815636246792,-0.637756088118133
-0.0713677424206884,-0.633959925099942,-0.770065879460355
0.0418498043910754,-0.836895280704361,-0.545760829491452
-0.0162952900392309,-0.604935018753479,-0.796108087264704
-0.0792753927817081,-0.608917885479346,-0.789261946911586
-0.0430111249824175,-0.771045414453435,-0.63532591004781
0.0559551473485239,-0.998085537809053,0.0263492068499126
0.279375898094573,0.449718953859767,0.848352503446019
-0.0331749985547874,-0.625370257760609,-0.77962263960157
-0.180089233895576,0.710263565752763,0.680509761134309
-0.0810520891062854,-0.991434066302878,0.102416068200489
0.0115265618311935,0.675831336930626,0.736966174525611
-0.0183949111362456,0.943425715456086,0.33107332520223
0.845816423024974,0.0622539016998481,0.529829246327894
0.199249807776362,0.824705506641796,0.529301748925678
-0.0649758990580353,0.0102701639588778,-0.997833982320635
0.111050310438724,0.948285291085701,-0.297359774115414
0.0136984307057093,0.712930461986781,0.701100926662857
-0.056061301243349,-0.773583856772854,-0.631209273572038
-0.0683059030732024,-0.519609559841624,-0.851669072425756
-0.256096125246425,-0.844190431573802,-0.470911127361635
-0.0942807125202093,-0.858909096815036,-0.503374920566232
0.0107984283613573,0.587042144239328,0.809484351196375
-0.0994663080495838,-0.841646395507338,-0.530789787479461
-0.23480220968114,-0.698656713122716,-0.675830392581909
-0.235052446578972,-0.140943736172648,-0.961709525059898
-0.0255559927314931,-0.48539842666109,-0.87391948063334
0.413414051063861,-0.895708596978253,0.163691574866324
0.0984586822956407,-0.572586940263555,-0.813910365900463
0.0198452907234354,0.863643972055072,0.503711478893463
-0.052921953578971,0.623623538543346,0.779931374547826
-0.0439542362126223,-0.686049218893267,-0.72622620055662
-0.119859574064207,0.400315405667296,0.908504957878918
-0.0103551144755071,-0.734136809097894,-0.678922614980353
0.0930180459468442,0.692901964859167,0.715006650474341
0.0580780871352151,-0.768615480357154,-0.637069210643597
0.00289513131052664,0.841523923528233,0.540212092001229
0.144966723421912,-0.951126310151123,-0.272659845299276
-0.0109507323324926,0.683426391512342,0.729937291036566
0.0149375303865546,-0.525279994703372,-0.850798329423828
0.024460838277804,-0.776627123585693,-0.629485486966745
0.118270543272868,0.647464287943323,0.7528625866863
0.142567560114818,0.957556891179634,0.250518045173003
0.103263373687177,-0.942998975180645,0.316369417711315
0.0484554933971679,0.669309648033028,0.741401821018496
-0.0430026310930073,-0.93839061242346,-0.342890408490239
-0.0696082001981767,-0.54409600711393,-0.836130512245456
0.153417894172832,-0.829075265008981,-0.537677556438672
-0.0688655606400893,0.781656462513605,0.619895724431492
0.0741103697979144,-0.390341838319522,-0.917682353729085
0.0306453729119648,0.137683300462539,-0.990002106004239
0.0986480824810617,-0.758754972736014,-0.643862910231037
0.177361196304418,-0.391040805171936,-0.903122414036962
0.0164256702068188,-0.228280416492695,-0.973456855132357
-0.0141319279508366,0.74417485463691,0.667835364695915
0.0174665274120457,0.450984103547386,0.892361058522684
-0.122284965999166,-0.637084918225549,-0.761031664295336
-0.0656209827209101,0.982465212913262,-0.174516452066965
0.0648754867849987,0.807745110872619,-0.585951369207198
0.0196631593166945,-0.916644279183669,-0.399220021548942
-0.166100622800989,0.984068200456901,0.0634063084766768
-0.193603955694158,-0.93699342113609,0.2907934612182
-0.0945258107700421,0.562876432775098,0.821118135547284
0.253688422618604,-0.918883091342036,-0.302152360035444
-0.00146704910417534,-0.723145524360193,-0.690694142413809
0.153801094981405,-0.285153103282146,0.946061800767309
0.0937647091647352,-0.944730819645958,-0.314152602609511
0.0703539042561078,-0.841597578959132,-0.535503355027819
-0.0841282114084771,0.68999938345818,0.71890423205914
0.0200580000953011,-0.425565247425632,-0.904705419910668
-0.332359282972456,-0.909162676462379,-0.250919378984162
0.0253276089421739,-0.857157375649514,-0.51443147803659
-0.047818441364168,-0.813281537694629,-0.579902178915169
-0.378339482269977,0.421040913894195,0.82436871907104
0.415171363440244,-0.888152486228257,-0.197022588008925
0.0101471190923267,-0.771030631375745,0.636717206815119
0.115196735968767,0.651097713404401,0.750200959491323
-0.024440142670528,-0.428440680151325,-0.903239316581001
0.190264535855362,0.824120251449475,0.533502781198559
-0.173348306080264,0.110152216493867,-0.978681180967833
-0.222355524975646,0.663431126273128,-0.714434854416254
0.0245417350685463,-0.612332713566237,-0.790219179175268
-0.0579431541044887,0.769637346051598,0.635846637527538
0.0509436631794042,0.990051249160675,0.131161226043559
-0.0396553582710881,-0.748924284245502,-0.661467965231692
0.294789418349521,-0.946925126722918,-0.128187375392187
-0.011853848347973,0.710444255256695,0.703653640971254
0.0670379151997498,-0.882467139494184,-0.465572406440313
-0.409559983749202,0.683441408505017,0.604291701789816
0.0139064973109125,-0.996831146339678,0.0783216127238553
-0.125646649554987,0.857508674581976,0.498890561618748
-0.0512983714830814,0.721284682438827,0.690736479391601
-0.0794163976021381,-0.760845094776301,-0.644055725497989
0.203212112820028,0.342523005869856,0.917269223103609
0.0501181889763761,0.461694495192928,0.885622018833247
-0.119960869932151,-0.629502254658732,-0.767682422011013
-0.0181689232832445,0.21653662938358,0.976105413550158
-0.0209871065260296,0.551208999562413,0.834103219128825
-0.348370250903398,0.90243557334591,0.25347229482794
-0.0233743775072586,0.754678786768934,-0.655677944784723
-0.0203949064584993,-0.727923280985032,-0.685355196077578
0.984953147072444,0.172653728434226,0.00761499375236691
-0.00897180021695568,0.927346530067748,0.374096137339286
0.172193321258403,0.799040651433791,0.576093306218935
-0.00782879492160474,0.743806430760959,0.66834923769592
0.120009524544476,0.94346334757933,0.308989685577063
0.0828243385845474,0.622270663527732,-0.778408215688137
0.0129163700502289,-0.645165646317059,-0.763933541741045
-0.033336994543312,-0.693132683118832,-0.720038699228942
0.0134270465076487,-0.704655114105491,-0.709422923640799
-0.0257662930234519,-0.801047552807761,-0.598045914863171
0.0481168641842556,0.569050671071465,0.820893477336853
-0.0201955197312052,-0.549922477836762,-0.83497150212008
-0.718519578427632,0.292409340101576,-0.631051815018021
-0.177394310172791,0.645571191446004,0.742811615077003
-0.0585965636939529,-0.698048451006661,-0.713648935240894
0.0348034551305064,-0.676912566055222,-0.735240163094695
0.183006819109279,-0.808271014748191,-0.559648524412807
-0.0483929644649151,0.942879603036108,0.329600023010874
-0.11423209647603,0.625962487264405,0.771441503078782
0.0887760353449715,-0.795090123862616,-0.599958757319666
0.0344923146182393,0.78587310386232,0.61742509250765
-0.0954252724671417,-0.601140430062083,-0.793425611333127
0.110291605293261,0.797442196531187,0.593229892194713
-0.157136151327839,-0.670806414874647,-0.724794442382733
0.144467491637171,0.740621707979861,0.656207763996325
-0.0113964638919017,0.405531030080198,0.914010232028534
-0.0151986553602722,-0.530396676030822,-0.847613335743779
-0.0176841538467016,-0.652089687557239,-0.75793555800228
0.107136400175132,0.186595926908553,-0.976577570814859
-0.0592181683607455,0.823819840020729,0.563750015276469
0.0848641076126992,0.669352786092067,0.738081927017514
0.115966201119107,-0.659444491699651,-0.742754873807633
0.247315353211332,0.905693627740468,-0.344316959698856
-0.241253457024834,-0.612430255042554,-0.752812029780396
-0.0596434380582728,0.787734604088437,0.61312058668603
-0.296759988509966,-0.488204471196008,0.820725230222509
0.139891666489551,-0.50115026949656,-0.853978178310372
0.100467272253941,-0.990578002688327,0.0930674368179198
-0.0535670551834598,-0.406836912068691,-0.911928888443273
-0.176842632813663,0.678667452322292,-0.712837409496655
-0.238278078602733,0.969274521640597,-0.0610774832141998
-0.0588345750718087,-0.789402633825205,-0.611049895250747
-0.091976665348191,-0.969477495773603,-0.227274455713727
-0.0132279854451189,-0.696817112186218,-0.717126859464574
0.077607652520423,0.398164489909311,0.914025213681508
0.0376691734725711,0.219699324023884,0.974840110168504
-0.122889703124332,0.956548023873293,0.264412554335289
-0.0938160554003693,-0.878581382230819,-0.468287628009216
-0.0707470980676483,0.791401614443904,-0.607188877344266
-0.0251107023852889,0.569199542250253,0.821815875806631
-0.322025073965429,0.101342589616458,0.941291416760713
0.0566448844010681,0.896213615567313,0.439991491216539
0.068026776981739,-0.228318458126223,-0.971207001257889
0.298115738862982,0.563233321684477,0.770645983306504
-0.177715352208457,0.0513504921818062,0.982741258186564
0.0571847274969912,0.753188318873258,0.655314629207964
0.172986409024492,0.597938765913118,0.782652499204537
-0.159874503344836,-0.884097802127413,-0.439102743618986
-0.00212347233324666,-0.508324687749082,-0.861162878142137
0.225282383473519,-0.534363149429022,0.814680226977915
0.0700059362790286,0.636499678529584,0.768093306908368
-0.00149052633905372,-0.982442821882382,-0.186557980432398
-0.00291167047319233,-0.748001702289544,-0.663690421466967
-0.152446761562133,0.988204784829497,0.0145357534825867
0.350480198443089,0.282737011635152,-0.892873682415893
-0.131677041835695,-0.843923471137014,-0.520052239219729
-0.0156904246494707,0.517466709398653,0.855559474986075
0.0395292420946903,-0.551215559820732,-0.83342596889642
0.00500043471355881,-0.639714646994118,-0.768596230848074
0.128541576221516,-0.73521387785643,-0.665535586569042
-0.149890349649108,-0.594824269887258,-0.789757539397478
0.0914803759102852,0.455189520142914,0.885682698021914
-0.0578443216142436,0.872713231680556,0.484794440672197
0.0476194894018734,-0.510698384978697,-0.858440180681948
-0.030694990224432,-0.660462068309344,-0.750231746795392
0.318039918493974,-0.86272431715544,-0.393137842026211
-0.00348431730464321,-0.835046684019568,-0.550168060724033
-0.391998457721337,0.54179668132007,-0.743500884501593
0.00848048905473476,0.643382948243317,0.765497526589818
0.0497243419674051,0.763579313151514,0.643796646731692
0.087840525912089,-0.0103348042619983,0.9960809373883
-0.106820947918144,-0.76016980063541,-0.640883108911282
-0.0195776225849874,0.769713526212256,0.638089182058288
0.113492509600757,0.807647026092297,0.578641280508737
0.271188756281613,0.646256319920155,-0.713308788274539
-0.076777623599091,-0.7833088242218,-0.61687314936763
0.122254657714219,0.74726167009178,0.653187411910872
-0.0223254238280666,-0.677149509603789,-0.735506707715331
-0.0406968128615958,-0.224191108918793,0.973695083742683
0.306291903480982,-0.938190367129732,-0.161195858777373
0.0259760093820867,0.958307133543886,0.284556997340571
-0.15773934435596,-0.343296765512286,-0.925886402336137
-0.0712631283442151,0.693367685366689,0.717051476135317
-0.084279364945166,-0.647258716567594,-0.757596952522718
0.0172049654667087,-0.543071696343274,-0.839510048655838
-0.219787873109925,-0.308196216219045,-0.925585427252439
-0.171588037143895,0.178297272564372,-0.968900215762806
0.00984319879707389,-0.317336831958733,-0.948261802731628
-0.0609625631188322,-0.650424725408027,-0.757120361947739
-0.0255706035859122,0.682536915203218,0.730403657998183
-0.538997032189133,-0.556518495532348,-0.632273171518228
0.167786324100722,-0.526587122905764,-0.833398914946856
-0.0496384590101034,0.64875593498688,0.759375901781457
0.0734720604278639,0.271172967586381,0.959722396314101
-0.00128310997749485,-0.622415027467397,-0.782686327471961
0.0577046325230589,0.852958604500459,0.518779138356592
-0.0552673137514458,-0.780468519828044,-0.622747471763733
0.295919303274537,-0.955083375900527,-0.0157324832104039
0.0281723672379639,0.767575205361862,0.640339458285919
-0.413639407355001,-0.740550180236585,-0.529611056563744
0.341338705292238,0.699383560553831,0.627973346167227
-0.245409435046072,-0.888193720235844,-0.388440631916873
-0.313483617564135,0.946927870890626,0.0711029454344192
0.0697231735371839,-0.398022884618456,-0.914722068385751
-0.0218950809950772,-0.769559439216806,-0.638199713992833
-0.115783958952276,-0.175042679676828,0.977729070418228
0.0174556684755743,0.705397404620861,0.708597065469667
0.00885382793262822,0.389802739663041,0.920855816011457
0.381484295037458,-0.356086295494149,0.85303709344965
0.0495401080210877,-0.682459174218911,-0.729242931554157
0.101356728964517,-0.56910383827059,-0.815994874223666
-0.0935710454325988,-0.813547398233913,-0.573920804888166
0.127860301948159,0.362834827434813,0.923039886021225
0.198768092843612,0.157576709667314,-0.967295624841618
-0.129342187585892,0.977348464158576,-0.167512919255106
0.0107108387297153,0.852131081624203,0.523218785656318
-0.0194388110379697,0.677546138939757,0.735223341735868
-0.00639100070299129,0.523389270691462,0.852069730969874
-0.343202600601904,0.267701036212078,-0.9003044652511
-0.0187853407920059,-0.755083398800483,-0.655359574453016
-0.334645268860878,0.907397827037212,0.254247374651494
0.342264723811034,-0.1339586527065,-0.930005343102724
0.15797390771038,0.749490100636484,0.642890996616554
-0.466682672186775,-0.615159206534446,-0.635441920317288
0.280589193746803,0.769887728839071,-0.573186347827245
0.0365015445530181,-0.859665343300261,-0.509551896055434
0.156048985853172,0.781635752585295,0.603899217001162
0.233161418546631,0.863335591458092,-0.44753481364362
-0.121668619010307,-0.991617498583052,-0.0434911905104388
-0.0339596709841759,0.737115702030999,0.674912722184131
0.0623135576912529,-0.891023722986087,-0.449659588582154
-0.353043904576458,-0.917442803550729,-0.183463085263459
-0.0857685797416355,-0.695876154013222,-0.713021829262519
0.0861901426546364,0.13523980609897,0.987056966013353
0.102808901284964,0.57269816364449,0.813294007831613
-0.00550171249015199,-0.888311430216697,-0.459208595418293
0.0423986600286253,0.798014096006126,0.601145453449748
-0.0324008558842258,0.871483846069997,0.489352726136287
0.0502347027529281,0.711634060526534,0.700752052111046
-0.0164776086607534,-0.43517872891335,-0.900193291640292
0.185722607181499,0.878038020313306,0.44108542037342
-0.022217219756658,-0.187102498608989,-0.982089125365187
-0.239610990600569,0.452041376731585,0.859211945276616
0.11856118505573,0.733430852346387,0.669344776796408
0.266223007223402,-0.107379095271121,0.957911812393857
0.100114056636499,-0.826080372024725,-0.55458849124308
-0.0360316488175875,-0.660919760654637,-0.749591082030531
0.0497247915443545,0.820246765045904,0.569844443280444
0.455528861474496,-0.834139940161457,0.310972694285513
0.0409689480339711,-0.646844321030042,-0.761520826798699
0.0810293350644792,-0.690432865458447,-0.718844006133352
-0.014650584748984,-0.985624698035525,-0.168313145621169
0.12730433536777,-0.858900922603916,-0.496067345575893
-0.0906139251407193,0.978858133880293,-0.183373581267809
0.0510705396605821,0.368034152811952,0.928408672052758
0.391618039644962,-0.0760342479620631,0.91698097262783
0.111961530997466,0.393785814631701,0.912358124735869
0.310434172173947,-0.874760880859812,-0.37205379458358
0.12971451308114,0.794947282078236,0.592649106818316
-0.0576603770256954,0.583145295268913,0.81031897764213
-0.709457473988947,0.535678351262453,-0.457950648640181
0.204314303682451,0.879416981851418,0.429978414972307
-0.00228600052652835,-0.564953535693659,-0.82511955297934
-0.130631637981131,-0.965949262432668,-0.223332482107176
-0.0318838144347631,0.7314092531934,0.681193017227983
0.156749480793709,0.946483125152411,0.282133468543929
-0.0426484523188085,-0.761909312030332,-0.646278043690389
0.0548255190881239,0.520717361096327,0.851966896252193
0.0986755181039517,-0.355378227285077,0.929499573802287
0.0264661488822958,0.873939360141163,0.485313854901541
-0.0516930808927449,0.606563439294419,0.793352771154889
-0.164260083456659,-0.761394023225733,-0.627134567998721
0.0484781557071181,-0.722703586020128,-0.689455868908869
0.152512452526267,-0.748890289417035,-0.644905641347084
-0.03416894411774,0.900419370916674,0.433678959295814
-0.0384836082773949,-0.8729582436501,-0.486274528160055
-0.0575360457568278,0.44294272606993,0.89470181896563
-0.228039443175243,-0.965894472094563,0.122661653068473
-0.013169766013652,0.906317223986243,0.422392763632398
0.00313077748819079,0.619581428178532,0.784926144352811
-0.138046199012076,-0.858524797152431,-0.493840479925143
0.0255613595925726,-0.867889117100018,-0.496099886429265
-0.0557731485741104,-0.966093276329611,-0.252097475847833
0.162884557807462,-0.737888767267745,-0.654972356644122
-0.12991723701608,-0.451109257193914,0.882962031799818
-0.00782114401362584,-0.391549205013336,0.920123931739493
0.0984629178683081,0.135629059527618,-0.985854863565887
-0.0298348286079794,-0.110718935485833,0.993403845536555
0.0273362037215008,0.680391925728666,0.732338418608046
-0.0298526928449839,0.776849033633915,0.628978851529967
0.0826874168312581,0.653473004789807,0.752419977877219
0.458707848798405,-0.685344316470328,-0.565588434581683
-0.0261591788314018,-0.688329842285659,-0.72492601386753
0.635810613793107,-0.126822174006392,0.76135471336843
-0.488219689717202,0.555388179050198,-0.673190541484166
-0.0306215526994456,0.734249479870486,0.67818878037033
0.122546452687992,0.841358266994675,0.526401589561912
-0.0134040811553774,-0.600855153107064,-0.799245528979091
-0.137580267970068,-0.752495659671398,-0.644066729493918
-0.368146692325841,0.736525720742989,0.567448566491768
0.0533920226205632,-0.821961318944174,-0.56703516829209
0.472987986530897,0.684901890146454,-0.554248829923224
-0.064325781416491,-0.762546658591013,-0.643727261592081
-0.142893842563628,0.14492138589257,0.979070549893304
-0.0470112125938093,-0.683279200649913,-0.728642216626017
-0.0547189761909944,0.0686812020568405,0.99613690129853
-0.226927054331223,-0.507257331550403,-0.831380846303858
-0.173653467491687,-0.881157830576531,-0.439778752149049
0.0127478902337065,0.998039434891521,0.0612762408768858
-0.0245375207187931,0.49349727311107,0.869401145334484
0.174929770334881,0.0908739728588174,0.980378241551413
-0.0422314287029652,0.867094290427142,0.49635068040485
0.0742388900704953,-0.706284769207753,-0.70402443990692
0.0225921298656747,0.823916832865741,0.566260230096216
0.0816239510051294,0.583356147510808,0.808104656454633
-0.093947992891573,0.505282285272729,0.85782491618116
0.0601774739045436,-0.477390907087418,-0.8766279675351
-0.044169547926725,0.408574638472072,0.911655535733407
0.0692334221183979,-0.918544287982198,-0.389208330174281
0.174651986206377,0.895179574636579,0.410061230632257
-0.74963173429049,-0.372885034575334,-0.546817166824876
0.301135007781283,-0.0400870949565119,0.952738543308979
0.0260230308948765,-0.850557063191627,-0.525238502128204
-0.0665704258667045,0.447165510466779,0.891970506602606
0.00129551608254113,0.989501401956104,0.144517463183464
-0.00935279049152666,0.397335589530927,0.91762571596601
0.139822854153194,0.88176225159131,0.450494063362745
-0.0361271024345142,0.659256067112921,0.751050111806456
0.00465512920771442,0.669472697581951,0.742822076250029
-0.109304968328218,0.617752471444997,0.778738921540695
0.048274175566118,0.572527595951018,0.818463044888381
0.343776978060092,0.236979497830147,0.90865730997117
0.161533576021338,-0.978451144258575,-0.128608950376108
0.53726337084893,-0.841284858878039,0.0598987192400795
-0.017256245120743,0.430613437561962,0.90237148081896
0.0195420204847675,0.696450211786054,0.717338979798626
0.0968721656101933,-0.601872716374446,-0.792694781624073
-0.0125270083579867,0.394422008572747,0.918844030951412
-0.461685759012373,0.429321558323001,0.776227582274863
0.0255050657849469,-0.720360063630613,-0.693131207164563
-0.148122740393787,-0.831418320761376,-0.535540128917122
0.0106336637510888,-0.770581683796468,-0.637252535336368
0.122186822046496,-0.46578963646518,-0.876419075031925
-0.00759044495116616,0.0974108708349026,0.995215307051006
-0.136700373946737,-0.764363823055365,-0.63012772813693
0.201121481074476,0.850675425300238,0.485696891734616
0.282409924101262,-0.786885927864238,0.548684947213204
0.404941435797032,-0.556998791150997,0.725103289353294
-0.0439147797508869,0.560444443629232,0.827026914752206
-0.123830066275773,-0.769947051728526,-0.625977357594257
-0.0679808541665709,-0.805312708694308,-0.588939763203522
0.216259530752368,0.584599819647809,0.781968583912752
-0.0209804889934952,0.546667034929308,0.837087194982215
0.0936073967015252,0.743675631977859,0.661954839611506
-0.522463620215677,-0.79894881356093,0.297846535754089
-0.0780094346135378,-0.778586647368102,-0.622669543699847
-0.0151528517014923,-0.613810345761788,-0.789308083400333
0.0506625342713437,0.710360287489966,-0.702012513833178
-0.0464206617507766,0.682819916693056,0.72911047416006
-0.0997304300393082,-0.48371249626052,-0.869526343640945
-0.106045940948845,0.992199035503697,-0.065538785110854
-0.17093857266561,-0.718719995398452,-0.67395962237325
0.014876004533589,-0.787336233082543,-0.616344352261387
-0.065477900520782,0.833295631629954,0.548936275764161
0.0181617646806841,0.637932108827144,0.769878415615762
0.186790850490856,-0.980425437058711,0.0622506268333006
-0.255902265086696,-0.949823026836087,-0.179861748060649
-0.19491200572665,-0.812955897913692,0.548736747512828
0.0630486493249527,0.645924060463746,0.760793648719761
-0.0832762368711692,0.671545197515139,0.736269051411867
0.0271528107484613,0.612161046853853,0.790266776211206
0.12810642080816,0.169097441818653,0.977238353789959
0.023520638996814,0.922078918856411,0.386286482991281
-0.166086092359316,-0.986000613899574,-0.0147715711580023
-0.0699724598799406,-0.637316569755315,-0.767418689356513
-0.0594328134736613,-0.396433152288178,-0.916137815205476
-0.0238583303003768,-0.795814782867781,-0.605069922772885
-0.0518977779176559,0.0983713843426421,0.993795598395224
0.0225108836180452,0.559187502645195,0.828735541052853
0.0166196017394394,-0.789182452559618,-0.613933909643383
-0.0586734087600837,0.746362081184853,-0.662948772435613
-0.0746737258045718,-0.915369231184717,-0.395629884203361
0.015263070259684,-0.905414449081626,-0.424254303549726
-0.195057454290323,-0.957118015394733,-0.214190789093801
0.0308337202720889,0.132223314748467,-0.990740267038294
0.120535622215343,-0.401326409908245,-0.907969314727827
-0.0784242847811371,-0.205823408427926,-0.975441621061803
0.0284628119518618,0.843959472656356,0.535651264209652
-0.0545044993883747,0.882770971237022,0.466631194721986
-0.041399885201708,0.80598938690757,0.590480446498988
0.313479006963201,-0.458961159701574,-0.831315563476801
-0.0148587843582514,-0.336860797186094,-0.941437209720619
0.0239059092108974,-0.617585124069148,-0.786140650286763
-0.00263008106303774,-0.538925868544472,-0.842349090868619
-0.102275947616708,0.993832582904024,-0.0428535610821345
0.000511777835559569,0.643788558843724,0.765203260307591
0.0390835047593359,-0.772373916324259,-0.63396452033032
-0.0644598284400392,-0.685926022961909,-0.724810610808878
-0.0654534992824311,-0.698348089759231,-0.712759275605248
0.0579078583889515,0.904024511688618,0.423540272232713
-0.0770906042057566,-0.588089834830218,-0.805113274584737
-0.0172856001822205,0.672422200371722,0.739965940076699
-0.34979877401198,0.443334694069683,0.825284900342819
-0.0358384842101561,-0.976493346217567,-0.212547283780192
0.00461709937720361,0.737182493653681,0.675677921382578
0.0452003002769292,-0.770049318549681,-0.636381159256029
-0.0345065504449973,-0.291485219508141,-0.955952752380931
0.746180048174417,-0.153552710395424,-0.647793872182073
0.0631400189525787,-0.659745383120732,-0.74883200215906
-0.0747135267303241,-0.837091948936307,-0.541936304328776
-0.127589446875133,-0.673278209688057,-0.728297593985688
-0.0220460986302282,-0.897685498463067,-0.440084895655715
-0.101835749509338,0.971348675399421,-0.214735257751638
-0.206287959005706,0.687589673280133,0.696179372839917
-0.134417282792886,-0.66913718000253,-0.730881268349955
0.0317036521375983,0.627813811043464,0.77771762041516
0.0613211068569936,0.66990548709584,0.739909697336586
-0.0688349659813912,0.947382395126441,0.312615330498729
-0.0669962086857177,-0.5206586443257,-0.851132236559434
-0.0313445938977955,0.69007580171957,0.723058022785499
0.0905838376992191,-0.414037839042422,-0.905741263379759
0.226544868438801,0.539377148223996,0.811017702986683
-0.0699441944568993,-0.459976770561134,-0.885171836541316
-0.131559198361408,-0.548553936619822,-0.825700161042373
0.0409062418516437,0.577133868131451,0.815624409659988
-0.0268206819393956,0.712441778777238,0.701218484406273
0.0626902229588102,-0.695152751226664,-0.71612330530948
0.0391065225071358,0.683898130188557,0.728528673026666
0.190449294097011,0.848530917009876,0.493684463251912
0.0196495231478368,-0.666757195229495,-0.745015931943579
-0.333032013573264,0.935644349266703,-0.116873134725762
-0.0603632202993888,-0.770689860701269,-0.63434487484912
0.209293048388157,0.833089616119367,0.512013780488844
-0.207403661268606,-0.0109110206367208,0.978194597675249
-0.144064373034421,0.470751639609419,0.87042423577658
0.0264717231457003,0.717671379263525,0.695878609571876
-0.255390429081045,0.176572874496578,-0.950577586904833
-0.241757988412316,-0.274583809239736,0.930675457257914
0.00341422667982976,-0.840329513897617,-0.542065172399752
-0.0492828074098438,0.298222327232535,0.953223294109945
0.00230755221627482,-0.505656536681618,-0.86273179036936
-0.0349631221263476,-0.0834662800312698,-0.995897063048646
0.0387088837474712,0.806976395291057,0.589313770212505
-0.0709585511386569,-0.935959883570223,-0.344882560254237
-0.011001706161586,-0.576858097856512,-0.816770284351054
-0.0362984990135802,-0.997791915282276,-0.0556211539496339
0.0771133487426444,-0.499689732007398,-0.862765149488591
0.311325933049858,-0.548861030762811,0.775775568267408
-0.0452226895293814,-0.885171548881197,-0.463061807324888
-0.0251197039074591,-0.600054524323311,-0.799564611719858
0.0506275970803973,0.833745978039476,-0.549822235378729
0.603439214497043,0.574224039450996,0.553288231325927
0.384347497180262,0.668101611194912,0.637116346148826
0.545698704276201,0.564958218059862,0.618898324442634
0.0353252436258245,0.863619735150167,0.502904643269408
0.520434168645166,0.64044466503755,0.564782176712009
0.961275243234468,-0.046763545174837,0.271593589002382
-0.753482610386155,-0.520704483038207,-0.401411007808181
-0.672229076306063,-0.539317408602951,-0.507193061611153
-0.395462612047725,0.854117289236831,-0.337776521829327
0.712970089019628,0.405220990856903,0.572249596533099
0.509408181118949,0.550033837516497,0.661790059305789
0.505389226893239,-0.828920495018669,-0.239734316021422
0.576172101033605,0.573037402647877,0.582798288567405
-0.291084718603832,-0.955778531374871,0.0419176043950812
-0.614736870431038,-0.633405311347078,-0.469996054972767
0.801084490960994,0.579373526902455,-0.15029954978767
-0.588939141064803,-0.576197057624183,-0.566698896158344
0.593018856416923,0.547313857275115,0.590572753831904
-0.588203521654253,-0.607113956787994,-0.534255800704831
0.762813281646312,0.498492738272894,0.411850564201601
0.827402524733207,0.471511319145369,0.305093654445497
-0.478530959954945,-0.867370380606363,0.136662881615203
0.604464187527338,0.785944486977062,0.130055024459952
-0.739099796066362,0.383159657719947,0.554003761855996
0.988690555219117,-0.0783752737054884,0.127860480572003
0.55549623450577,0.588063269381587,0.58788223706296
0.364922139495413,0.904928776611854,-0.218942324290812
-0.579942600496296,-0.58428205428045,-0.567698036966318
0.54157313452822,0.556603553261308,0.629992876510652
-0.611036517378567,-0.541970640294326,-0.576976775519458
0.516298779732282,0.583849003586425,0.626542824600278
-0.226139747000965,-0.948447408536008,-0.22205478618501
-0.609296346459549,-0.503757497378922,-0.612361287170875
0.641190780209615,0.598959064463301,0.479710769601259
-0.41785020496266,-0.562446490549236,-0.713481009895506
0.57976366578992,0.607040732759737,0.54348471974873
0.515879193978535,0.642409375792877,0.566726434105083
0.648767499693187,0.283384141559545,0.706253608595673
-0.445208576188049,-0.641928416484278,-0.624273363037858
0.572766753934458,0.641820654551426,0.509906357068201
-0.395036527027526,-0.485601614585877,0.779831529386713
-0.533180379670126,-0.562468036054996,-0.631940180041795
0.648615748355013,0.523557545631155,0.552435613803588
-0.364254220364462,-0.853472885400193,-0.37269678940574
-0.557988217456823,-0.612208624754829,-0.560222945759238
-0.72151331820382,-0.568700366674936,-0.394966358818453
0.580610911967595,0.544358187457656,0.605446226061385
-0.576968328130767,-0.590719569857971,-0.564054907008885
0.544847686276641,0.561001274887072,0.623232355012215
-0.540270642816436,-0.574835365468053,-0.614550189258718
-0.329786818792318,-0.735536815569286,-0.591799161112144
-0.940163668596307,-0.329743551965056,-0.0857989871094107
-0.638655458232676,-0.530208012100686,-0.557672546907099
0.571241462152088,0.453664944154008,0.684011191695052
0.733520894274857,0.54410056395379,0.407310291997859
0.361735614192143,0.663817164454168,0.654594620815862
0.556886499766573,0.581367560950503,0.593202482675349
0.645215888142749,0.522278844362307,0.557603144198216
0.425810783900233,0.618028895762659,0.660852071432524
-0.554204926233792,-0.610112107413799,-0.566233270062163
0.528946182723609,0.636657060542236,0.561145010709212
0.597211321464749,0.628876249162419,0.497848672543913
-0.510228706810744,-0.631996949166385,-0.583306542900573
0.542459852839229,0.575807442853303,0.611705073391076
0.441778149990884,0.754011640552294,0.48610545368497
0.605792916829367,0.529961954274823,0.59342671741385
-0.50673027792877,-0.60196556073426,-0.617140088731982
-0.56425674996599,-0.618374464142356,-0.547016765935443
-0.579173737910873,-0.587796863426154,-0.564847438394407
0.617678029245806,0.623514767690569,0.479273603131648
0.61620434457286,0.556877832448048,0.556937416104804
-0.472965990331178,-0.848187588710166,-0.23849735081984
-0.781259936941041,-0.391028100097869,-0.486549006642427
-0.676042385523774,-0.582690958235152,-0.451040951761949
0.608400730097983,0.552443710348665,0.569784607121359
0.509867224010478,0.633924590904243,0.581528182401109
-0.602666649227606,-0.521551937678884,-0.60396728902497
-0.485875005223285,-0.512326273072399,-0.708129415586599
-0.359832187202534,-0.701265278433072,-0.615424899006553
-0.841360577601966,-0.434109643712785,-0.321964587637903
-0.589314540078703,-0.595442493502461,-0.546037187179956
0.542313433657098,0.482968523101073,0.687486396497136
-0.609458953531205,-0.578503848606155,-0.542119065435367
0.512062949341844,0.62792325045408,0.586092081033786
0.564802668620237,0.564604400194561,0.601847004479045
0.564699827380476,0.55202221000198,0.613502717696499
0.535763518838419,0.623426922862045,0.569470213209293
0.627559886548482,0.585414728772929,0.513281778491089
0.499828739208344,0.652671361395778,0.569378016325867
0.497922536757783,0.628722241383147,0.597311887190306
-0.169499084081692,-0.301750297468623,-0.938198709481667
0.591492731381417,0.590177563629799,0.549387651946188
0.556837564180477,0.580818217261397,0.593786262568313
-0.63824066538585,-0.611134231915134,-0.468149339024767
0.564670308846675,0.552194341476174,0.613374968146479
-0.516056667059309,-0.659844979125128,-0.546159427188616
0.601014502156337,0.661514170092454,0.448531571870546
0.563642745851416,0.596251857115615,0.571655996150881
-0.62450165963572,-0.556001911637916,-0.548506655718245
-0.607786963769161,-0.65510735053975,-0.448808830061367
0.746778734062289,0.300270602250066,0.593429935019045
-0.341221974367042,-0.663751483116615,-0.665583603215668
-0.979191453065121,-0.198463565992071,-0.0423829118622967
0.549815371274441,0.580092164480366,0.600995955243322
-0.640038963890047,-0.560482764125911,-0.525556082469163
-0.389957569361179,-0.516388584131313,-0.762414535719761
0.524954868036856,0.636826403417537,0.56468975414354
0.513632734144097,0.580583148860677,0.631747276744965
-0.593784171127255,-0.577237811114012,-0.560550504003897
-0.550861680864342,-0.576764147484214,-0.603236708707386
-0.572436515092371,-0.560099418070411,-0.598836436822351
0.537924261936185,0.570775154100862,0.620365385786109
-0.771163950552048,0.387289058350076,0.505285411080974
-0.554328504644268,-0.571222300484599,-0.605330481941834
-0.595569374679992,-0.624538315309014,-0.505221746022737
-0.561790533697553,-0.588256004495861,-0.581675398673852
0.649255134785457,0.369772463080074,0.664632300977325
0.462504871385041,0.682569192919915,0.565852048526611
-0.58483843955423,-0.326021619894648,-0.742747536502844
0.739345352610455,0.540111197699347,0.402055150064141
-0.664089843243097,-0.166691736329882,-0.728833688258636
-0.470809016858572,-0.624687024273913,-0.622980731121332
-0.697635778167595,-0.44878794650442,-0.558474439963764
0.577129706621365,0.585164602800566,0.56965225301441
-0.801394994491839,-0.290550131887113,-0.52282567234577
0.581570734066746,0.500452483910247,0.641344519447333
-0.568125497688443,-0.528590436163939,-0.630734151344507
-0.23213854588895,0.89066863986551,0.390923354984945
-0.536780198428967,-0.60176001463896,-0.591398261204983
0.541815207471999,0.585718979091462,0.602801425416472
0.552226410580456,0.658291012127769,0.511565181388671
-0.586839191394079,-0.537438438330815,-0.605623388293812
0.592781913176277,0.581192844120707,0.557516350750322
0.544150773481953,0.616147038281508,0.5694407457637
0.54077218898921,0.612651234365537,0.576388674980869
-0.544788083897178,-0.549303945165379,-0.633617486713704
-0.588569936053092,-0.510856817878914,-0.626586579812471
0.712488803919216,0.427184473150382,0.556662492170071
-0.589332431850934,-0.487339482462052,-0.644350458680899
0.559751444586669,0.558322317988614,0.612335291747061
0.59199913837023,0.590496023367964,0.54849928582955
0.144309399326597,0.950526274604933,0.275090164403718
-0.55729051690144,-0.663265052355228,-0.499506506560167
0.580865409329342,0.560414210565414,0.590365385876408
-0.527974358384516,-0.378157664508535,-0.760420842469424
-0.27328403461498,-0.496296897038035,-0.824017734284267
0.422175451649556,0.572281294308328,0.703037700418177
0.463197887596304,0.494693263191517,0.735340936082883
-0.478361654755117,-0.629836952368952,-0.611944066635617
-0.0653187582342994,-0.318929960864947,-0.945524796018281
0.498456652074328,0.608558828366035,0.617411628025106
0.587939318662694,0.569261167629173,0.574690421531383
0.728250218765344,0.645444793944831,0.230331580200685
0.345639265830966,0.714464611749855,0.608336926770815
-0.324027075312464,-0.603851709278618,-0.728264764811358
0.556955249856572,0.570738744174852,0.603372302608361
0.682657276378546,0.594811382170028,0.424474336854899
-0.338969979375631,-0.883870914427178,-0.322291110196587
0.621123891420588,0.510955678425346,0.594246923586012
-0.232306528010107,-0.461917864774535,-0.855958856047429
0.477273399506121,0.427921915905607,0.767523899309686
-0.508308370240812,-0.585989669821026,-0.631061571961227
-0.772878333738484,-0.429217654733115,-0.467366329663391
0.570221969018422,0.615061507537517,0.54456060084662
-0.545442457521153,-0.549675783782553,-0.632731426638761
0.655255810650155,0.494523415324121,0.571039765958007
-0.521207120277859,-0.407348031980962,-0.749940476713251
0.8425623473483,0.292927467778076,0.451975872643713
0.471085204981153,0.5794117462409,0.665102065825942
0.60238270142129,0.594446503294377,0.532699198187379
-0.583040527591094,-0.378274503101348,-0.719007749255686
0.580946158215748,0.732522872380599,0.354840531356889
-0.550900010011456,-0.594052819837836,-0.586182928966797
0.54326148532443,0.538536965830252,0.644084540256511
0.606304556000061,0.605243443261654,0.515824737447077
-0.550201396231163,-0.63366840615283,-0.543822374152637
-0.00189312646607205,-0.165413027576612,-0.986222564323146
-0.629358940688878,-0.389573378084461,-0.672413493962484
-0.488915705965901,-0.51294209300941,-0.705586168854655
0.38378003718686,0.654431264892162,0.651484921228801
-0.573913281549973,-0.602022772055651,-0.555150544615576
-0.308556989169618,-0.693974399658166,-0.650532179875576
0.507123106789855,0.62392392948049,0.594596573132936
-0.524022753489695,-0.668308894165484,-0.527980469150504
0.543975595033993,0.6512200103947,0.529153144249318
0.609633175652311,0.577679986559206,0.542801275121047
0.488715431938128,0.602292554342855,0.63119007087302
0.846934832758949,-0.406127587490051,-0.343164350915245
0.713938948569469,0.575365821962113,0.399055570858725
0.370761064826521,0.760374610041386,0.533260429071119
-0.615074165615881,-0.521173483849493,-0.591660350643939
-0.0797486012799795,-0.983723563758939,0.16102208140283
0.489455978442359,0.580476285932382,0.650753506818964
0.570643193566509,0.632767210972073,0.523423349073042
0.724664292198907,0.43865393830368,0.531454970832457
-0.652525333767898,-0.565976833705937,-0.503865966799997
0.566352703968466,0.543131096684323,0.619881622991108
-0.735953661452765,-0.655300073635321,-0.170158813135879
-0.534382376384502,-0.581771101146168,-0.613170336595654
0.658237990037407,0.494622988095703,0.567512861632925
0.764160909980312,0.644965005548964,0.00884563594582616
-0.59954282964275,-0.536970229040363,-0.593473983042479
-0.256954437193286,-0.573742900688584,-0.777684705466252
-0.547985651468351,-0.601628146170381,-0.581167187236511
0.450498630699612,0.682699415740707,0.57530208715515
-0.599483012003386,-0.728303504685829,-0.331955002043479
0.773152570808998,0.409934062944816,0.483930951984881
-0.760996783882544,-0.644821353342115,0.0713394504777497
-0.612632099127478,-0.560258584026399,-0.557487425995774
0.438651209468543,-0.744408419754469,0.503429459835674
-0.490446995131285,-0.593566132055762,-0.638076007888602
-0.565815128365637,-0.176340790255317,-0.805454633238091
-0.0910754892240406,-0.809045588489027,-0.580646614567799
0.616402525896911,0.523382140140634,0.588318843357679
0.549413702591786,0.636524551522749,0.541277266022828
0.674156203668936,0.317048082017073,0.667078651092946
0.636033356188417,0.55070554949855,0.540541365269299
0.578900122848272,0.540195895829391,0.610788868509682
-0.624414776048703,-0.542784814604195,-0.561685706144582
-0.422925160631071,-0.698692908415004,-0.577029053199027
0.526608064342723,0.428123166794376,0.734434817137073
0.674620847342433,0.488964585360458,0.552992175888821
0.567795282342518,0.566414230830331,0.5973135160554
0.595414021743468,0.551444135004875,0.584287179972309
0.401367641998459,0.408035137340156,0.820006916222294
-0.541058718568661,-0.535206949569636,-0.648697914435682
0.611019005016049,0.481362829654751,0.628446976073534
-0.478750597456778,-0.54508140346709,-0.688247142405347
-0.52531654724091,-0.628075448179817,-0.574076437931928
-0.604401434078735,-0.571833337043468,-0.554712124555881
-0.510104074177864,-0.605348615751212,-0.611021183687796
-0.555793434305884,-0.617715093867955,-0.55634676344001
0.547389041625295,0.643171635123513,0.535439524952248
-0.585276137396023,-0.588791117691885,-0.557473643073763
0.734281040852885,0.0940652679004876,0.672296867774061
0.659033576586811,0.569477531324727,-0.49129429698246
0.453777025772381,0.64640497314599,0.613389779482267
-0.586370492414655,-0.558434103291316,-0.586788716580865
-0.570416407076907,-0.572443415191122,-0.58901074603253
-0.553586757334852,-0.603422850754796,-0.573953452198381
-0.4821028423603,-0.478239043103955,-0.734073747684204
0.707599822851632,-0.0992560500405311,0.699607552296779
-0.48380935437846,-0.76288237455992,-0.428881092147598
0.413164530648187,0.473332339992837,0.777979155589125
-0.633532802824755,-0.542095703864852,-0.552058362491033
-0.552416148044196,-0.579134935319376,-0.599532422870219
0.549570528614994,0.560156091347016,0.619836581208845
0.146792711928962,0.625241128723951,0.766502074802502
0.569394410755687,0.5990424873326,0.562972560051159
-0.557548600972276,-0.650853839713543,-0.515294902831375
0.322172734941772,0.864441553536036,0.385934618012358
0.643922116730101,0.499601910744875,0.579449944659499
0.556916970089843,0.596371140475032,0.578087321461436
0.50967434802313,0.620820621773907,0.595662500538231
0.74717994267638,-0.12218886551425,0.653293207072033
0.582957093419066,0.623245958953641,0.52127296292859
0.594166365106634,0.564773058127101,0.572710854960627
0.432415732507872,0.515847463159562,0.739539065250461
0.624361669030332,0.526473658974774,0.577059782562753
0.551189008483787,0.568381088351595,0.610846638143255
0.563309011068062,0.645777933483757,0.515416160665311
0.557743099862288,0.578639917717873,0.595061744846246
-0.517658034684435,-0.632246178475338,-0.576450283138086
-0.584310814301462,-0.586378072374182,-0.561018385197046
-0.70618188840231,-0.679505981491245,-0.1989441168021
0.492666217359037,0.414534965061609,0.765141007275462
0.554585811948467,0.574377525979701,0.602100518879446
-0.47552634706875,-0.591786265289051,-0.65089454557454
0.609546004657729,0.592162256279872,0.527065015385513
0.575815227187187,0.601371036338759,0.553885999816041
0.543510563044111,0.544860226544102,0.638532380846722
0.600278945290795,0.57840700143218,0.552368109628718
0.605694879337333,0.566072737062204,0.559191710864386
-0.551652024278975,-0.599156452743386,-0.580251315590816
-0.598312765082486,-0.413345248237726,-0.68641644859272
0.540832702530231,0.596350713632197,0.593182783148851
-0.400307796879009,-0.15646313738632,-0.902924667066474
-0.740404727703172,-0.384683338551041,-0.551198302098271
-0.771468337488443,-0.365313315618683,-0.520944129139106
-0.548058089214009,-0.621917431005526,-0.559330885843591
-0.56666951278252,-0.580846032304441,-0.584383050780059
-0.595145950802798,-0.57426175990214,-0.562160767358529
0.633723877655414,0.59446998568702,0.494974224588171
0.612429398965983,0.404817054300636,0.679009119106305
-0.579250152543199,-0.545285331970183,-0.605915148776499
0.567995376018289,0.58870719531723,0.575156579553397
-0.521047134503655,-0.513737462897351,-0.681603772613769
0.963181369986503,-0.166038008333722,-0.21145455374499
0.333727115942067,0.35985812449991,0.871279715313284
-0.62470267253704,-0.612162183656634,-0.48477214423461
0.602473485908642,0.499862705838827,0.622224215286239
0.595436099843032,0.580897999706834,0.554989517865264
-0.621528209440698,-0.528289445826522,-0.57845738503173
0.528576488837057,0.545924606369924,0.650056320335809
0.5756829388734,0.352457453633009,0.737809526414927
-0.654975450784561,-0.640504534411803,-0.400950246623544
-0.554915343055927,-0.568709116254566,-0.607156407468515
-0.586226451875389,-0.556851965743435,-0.588433883600584
-0.614425447035325,-0.418835600505615,-0.668624042182557
0.88603515286999,-0.00588330154011163,0.463580731525417
0.558002998785192,0.60433762972896,0.56869032226715
-0.557411054903353,-0.627181056793006,-0.544000770101973
0.668265246260084,0.606275521796202,0.431105036286625
0.721002429475898,0.407762587092975,0.560254557551384
0.551374893307997,0.554274277604822,0.623510827664802
0.564942624977598,0.621858726240744,0.542338966958544
0.575549956270488,0.755706855325585,0.31248903444914
0.558839915530753,0.59031467567392,0.582431568936279
0.605992954433889,0.531640989310829,0.591718174185219
0.376058532239779,0.410921339875014,0.830496016104223
0.539037946626911,0.666900981871387,0.514471741182374
0.817044946034042,0.398009636679894,-0.417164098731145
-0.547348992230311,-0.572504624075216,-0.610448635117615
0.5739085189182,0.552843309931741,0.604146742585636
0.583167772341874,0.576941509995571,0.571886215383661
-0.619926829934283,-0.467732334942417,-0.630013641421315
-0.497624413349094,-0.478541885598402,-0.72344150210428
-0.299754233973541,-0.520931526089438,0.799235725140627
0.557728778211351,0.612321232194806,0.560358205577742
0.59666882901192,0.56255080098659,0.572296168775303
0.511882579422954,0.692812803278292,0.507923856987421
0.495213373953227,0.615529241422183,0.61309662143262
-0.843648782130562,-0.288048064120184,-0.453083927287466
-0.626159005428889,-0.559179073078501,-0.54336328929306
-0.483071750091996,-0.71535046944582,-0.50489146370948
-0.961073416793819,-0.244754891048668,-0.128190993599427
0.725300253253423,0.532873215908311,0.435873466040382
-0.656924899683988,-0.514381030758944,-0.551236638269399
-0.05194946917129,0.955198457775291,0.291371170359265
0.489735726550198,0.615988449866697,0.617022809765711
0.599342368718162,0.59704936716128,0.533217383654751
0.920628242273258,0.378642915851499,0.0952532508858673
0.0447097888207828,-0.876972495627236,-0.478456138738901
-0.469994857353478,-0.692632790234373,-0.547142259337944
-0.553344855932227,-0.582597009107981,-0.595306807782154
-0.408561880173754,-0.680730244198358,-0.608016056286781
0.664610976943956,0.333127570511391,0.668818563655928
-0.603297756310266,-0.605640505481372,-0.518875125007228
0.385617279589635,0.872347908180558,0.300513628268161
-0.666898412207975,-0.584306405221068,-0.462420298659256
-0.619297352063834,-0.524916109255513,-0.583895425543631
0.531503184522684,0.639485439012845,0.555484237519657
0.494847350015682,0.70459188715066,0.508602371940919
0.577738116277441,0.567764517028485,0.586397580318682
-0.519184497620129,-0.577422121580074,-0.630104079451086
0.554882498537196,0.559480814171937,0.615700114821026
-0.643489671720684,-0.321864498104808,-0.694495707149113
0.55882143792149,0.592106233410449,0.580627943588534
0.54318465429266,0.582404207946763,0.60477745485994
0.597841413406771,0.60757809184225,0.522909654461577
-0.496950325361535,-0.666499332546743,-0.555714867389573
-0.648392658613277,-0.618721257971874,-0.443588734291245
-0.462658386927503,-0.434265530513527,-0.772891108768529
-0.581050634343138,-0.662966042481089,-0.47207646292354
0.611717435494377,0.580338058616012,0.537596053588548
0.733702085757086,0.61914024171623,0.279904645269189
0.587694714304511,0.537896754638193,0.60438564189451
-0.503820484477233,-0.617934651093913,-0.603590661291715
-0.558837762280363,-0.546945579739528,-0.623338502142189
-0.617355643849054,-0.496982035162472,-0.609820355296121
0.635739609203423,0.585813768726672,0.502650353287583
-0.751746303305491,-0.437183425465518,-0.493708565820733
0.568437134402808,0.551152492062515,0.610827434489646
-0.578065414963245,-0.609766927749479,-0.542240417016596
-0.623571643948216,-0.578157325949532,-0.526205768986435
0.861919860258491,0.349661527902416,0.367193369216998
0.298223368345834,0.722811292460969,0.62338323530824
-0.582224790834688,-0.614751716591962,-0.532066367932365
-0.612451079070917,-0.500438269429106,-0.611935629160185
-0.557347852881615,-0.553221232238628,-0.619120052242396
-0.615770842774871,-0.371637979381811,-0.694774410488275
-0.69387735967405,-0.570485634598749,-0.439409092359537
0.630027538215679,0.593157548755731,0.501227915667099
-0.871648372206439,-0.451564748820154,-0.190573851440477
0.526727242545739,0.552018815932783,0.6464005250743
-0.605725743793411,-0.647847392290105,-0.461941640912388
0.577366988891516,0.571535330986094,0.583090666683115
-0.556066509835143,-0.567691725222119,-0.607055303703128
-0.565519867734612,-0.593117072330736,-0.573061443221618
-0.474422664885989,-0.641009077711278,-0.60334939905018
-0.540772642370463,-0.621503328309786,-0.566832040523051
0.608993690175962,0.602881761141836,0.51542241647835
-0.550237714877682,-0.59251605866159,-0.588356335356663
0.431933234408645,0.653547801454902,0.621537571050014
0.660100287048821,0.52356205172462,0.538656095326109
0.681288470759576,0.397866719134711,0.614449422991884
-0.503856771117836,-0.608099604884492,-0.613468193746044
-0.625905963140433,-0.514328705249683,-0.586265902352705
0.55485017597152,0.587965086685185,0.588590128241764
0.665514171873481,0.555012969876576,0.499050588922944
-0.668787144902721,-0.571067799644779,-0.476030800496918
-0.512046930974342,-0.72018940868231,-0.46811874145518
-0.654567057404843,-0.536641992898632,-0.532501022363479
0.544289537082165,0.601049159220765,0.58522543350652
0.612272554415927,0.546662342233721,0.571211521848551
0.508982516824333,0.589328874838149,0.627398019481389
-0.591898819608008,-0.564821611854674,-0.575006377467707
0.801522374348953,0.597331202001048,0.0275194210331455
-0.541718171884768,-0.607502547431678,-0.580932076161961
-0.500683271780737,-0.607197412255641,-0.616950211855859
0.642176391990315,0.485858873757085,0.592917056899022
-0.556936423884698,-0.527898280656955,-0.641206070643405
-0.373550824349264,-0.68647374049542,-0.623869846392829
-0.561623889069787,-0.595540868443137,-0.574377646884105
0.594448218511858,0.581621987516304,0.555290175625018
0.6558533109975,0.505068526333786,0.561036735125816
-0.648258197190312,-0.721040155644646,-0.244667945843978
-0.521745026066671,-0.606418136184995,-0.600032642345902
0.597529793389291,0.563454233910852,0.570506329763382
0.545497347275132,0.577553001711695,0.607342715712969
-0.602873222724552,-0.551352733472394,-0.576674986985071
-0.805559371177596,-0.531735618156968,-0.261402624109213
0.614697433816269,0.582390607177953,0.531947596601948
-0.53387361318905,-0.605815351165845,-0.589887044638439
-0.578909142544095,-0.583347782336689,-0.569710074969477
-0.544934252568398,-0.548863769694036,-0.633873191336386
-0.643771481585905,-0.592094118340845,-0.484750280580492
-0.571830242115999,-0.489249822180053,-0.658517111165947
-0.529558991411047,-0.601342413897038,-0.598293051826777
0.529876638631559,0.535136024301098,0.65792110722163
0.608848144091693,0.472402865280904,0.637290726678565
-0.691839728523101,-0.516100311099985,-0.504973522988661
0.724064589001509,0.577948154452184,0.376439107584999
-0.551920816044164,-0.658271596998164,-0.511919834937689
-0.552891862296633,-0.149816990883635,-0.819673994859379
-0.645870471458427,-0.493285837033397,-0.582683805404209
0.686483531864648,0.713101753216361,0.142219021366311
-0.318908605984125,-0.71145059336754,0.626207117674525
0.574437558493081,0.59343695840312,0.563785480297039
-0.508039881249836,-0.56797425619808,-0.647534341449077
-0.524490632398018,-0.629819079842137,-0.572920154291617
-0.571343853852969,-0.593276683621542,-0.567088156581905
-0.55379564681696,-0.343089840090495,-0.758682900290539
0.704715254332656,-0.700127832890394,0.114880058857314
-0.634050413061875,-0.533147386643559,-0.560119574565297
-0.408750689953955,-0.630359110495171,-0.659977473310948
0.574234175966384,0.599147029863143,0.557922886928277
-0.56675920763726,-0.664952412880226,-0.486438371392668
0.494094063781451,0.737702274833981,0.46007217894663
-0.71417405433939,-0.312632092501461,-0.626271981527672
0.651328293552188,0.579449070864747,0.489908387652607
-0.577113018712511,-0.633027555435453,-0.515961895581396
0.658010066614347,0.497469899252508,0.565284398839985
-0.070398987328329,-0.951697970672723,-0.298856077737374
-0.646872027500475,-0.605192520700169,-0.46400279409288
0.201983903465721,-0.814800833686267,-0.54341706282092
-0.728738961610177,-0.479795612203803,-0.488605870146173
-0.775261964551061,-0.366412523009816,-0.514500485230102
0.23110880161536,-0.365940140876405,-0.901485737608349
-0.724216418262966,0.629865104958832,-0.280678693657998
-0.618472442095552,-0.612447406638314,-0.492341357667999
-0.58938987557929,-0.586395896095863,-0.555661252569008
0.515292994527886,0.628090451578323,0.583074192900545
0.105121230607162,0.521989836933204,0.846449134333589
0.553717968163727,0.668058566908342,0.497085669591275
-0.586912080828963,-0.578525978508748,-0.566429079027121
-0.621987658121879,-0.599453013390185,-0.503773200836931
0.601753169174543,0.592169277699216,0.535937188425642
0.527352987751172,0.655772255741174,0.54024214469999
0.610153284350955,0.516407016816438,0.600863347674403
0.515460521462584,0.602484320999586,0.6093546535173
-0.558211904069572,-0.617194569187821,-0.554500075671846
-0.571811567732918,-0.580252084585335,-0.579947453948369
0.123241166995453,-0.637323694266195,-0.760677410920351
-0.584791713175327,-0.686611424902663,-0.431953010632638
0.596892884847057,0.651310482574147,0.46852272016199
0.594263189458474,0.594750035724777,0.541408955097732
-0.520140564663428,-0.598089719485966,-0.60970688075239
0.487549487788282,0.621662732639602,0.613050523043938
-0.597468305193057,-0.532423597911549,-0.599630500122081
-0.579520656702355,-0.535040939612783,-0.614725142965165
-0.699456583362218,-0.510081864212074,-0.500576647271112
0.647720664425573,0.573263429341748,0.501823655735192
0.581669954919931,0.667945646627755,-0.464229120903112
0.705603849011887,0.434672973375018,0.559627210272098
-0.41481855482011,0.87016427455094,0.265969362657038
-0.592985635965593,-0.585700869001463,-0.552559976463562
-0.572887699685747,-0.588123881111912,-0.570885263441469
0.43716804963288,0.644997258739679,0.626787549811325
0.586387613654564,0.561568099211125,0.58377293231265
0.611440269762537,0.549543926681536,0.569334935833165
-0.375516622845205,-0.430673612442379,-0.820675030394348
0.627454732055421,0.580186527458169,0.519311229011363
-0.550946136219787,-0.586586536650948,-0.593611480687775
0.585829063699925,0.424533760185523,0.690344402879613
0.580478875756055,0.570874598838456,0.580643149621192
0.164581693009583,0.973724339886838,0.15739687493099
-0.534939335364853,-0.311023242182612,-0.785559959711304
-0.590035937745919,-0.608077612448547,-0.531130124740792
0.550321315028924,-0.59110175123053,-0.589699219871483
0.480530883561735,0.674544007470073,0.560428810759754
0.589057838831698,0.577419145597087,0.565329985768364
-0.53358748827285,-0.44329829053025,-0.720257605285518
-0.577721008005125,-0.542016919132657,-0.610291812400826
0.76195306855229,0.404791545471195,0.505540627485854
0.076388580248592,-0.996843362817713,0.0216354989283094
-0.652708922416339,-0.508938491367865,-0.56120644561721
0.571659523129541,0.620125260729163,0.537261622136639
0.608766641333287,0.519180609505064,0.599878880369812
-0.49258942669345,-0.825563775953309,-0.275318195082586
