0.106945528421876,-0.994094478006801,-0.018407138478112
-0.0527298148523891,0.759280450136617,0.648623746609673
-0.00804185500422256,0.515205410633802,0.857029003839279
0.000860010597468482,-0.590441264387409,-0.807080153200641
0.0701620540677823,0.549119838917581,0.832793304893909
-0.263815557422472,-0.952467117883856,0.152340871114392
-0.0389003125618348,0.996919027100139,0.0681118131332848
0.036091340066184,-0.883756284579818,-0.466553581743729
-0.181961042900017,0.350584804256736,-0.918684099073781
0.05505497837055,0.741967758305326,0.668171231790166
-0.132026624012569,-0.626004411658406,-0.768561934482874
0.0559585766598752,-0.354029320758949,-0.93355871681494
-0.0628130469230332,0.997441821343509,0.0341223412325097
-0.382817139709096,-0.218882910564613,-0.8975195312681
0.0370471723892493,0.918592909471608,0.393464831575132
-0.00612273832464703,-0.727977584340451,-0.685573591070462
-0.0186272334402736,0.714132487944337,0.6997626853704
0.0861835643280857,-0.789645514158241,-0.6074803331874
-0.0202647290202694,0.836794099560396,0.547142555188902
-0.259819112292944,0.817332012226908,0.514259089055721
0.0663845446741413,0.977263386869404,0.201368728736485
-0.0642392776233973,-0.492856064285524,0.867736258956261
-0.233978315349899,0.439377938703779,0.867295321632973
-0.0746634431029825,-0.891904129665328,-0.446018378264778
0.131106685542261,-0.43876624508848,-0.888985499981343
-0.17345093796606,0.839082197338164,0.515612100545412
-0.0591354715240021,-0.5118645648584,-0.857028391157466
0.207936774888567,-0.665860530315866,-0.716513818301095
-0.00621710952912669,0.569330265681381,0.822085394669113
-0.022815605853992,-0.626909093636516,-0.778758265731644
-0.111564386494258,0.603969112405988,0.789160756072984
0.0654394821021699,-0.168590259636976,-0.983511565024904
0.0139468344666643,0.337794075483702,0.941116702846395
-0.0541181305491784,-0.449867494363324,-0.891454129757178
-0.186457932497532,-0.970527593734942,0.152674913485512
-0.0593082382684811,-0.826212266155508,-0.560228367835536
0.112185029887764,-0.888745891251288,-0.44446063926183
0.0825178705930408,-0.604408971392425,-0.792389169747506
-0.00105863660222118,-0.72577155402381,-0.687934975603369
0.0546116356256492,-0.663924916500677,-0.745802436643821
-0.00468334993596307,-0.553553638382976,-0.832800357628613
0.00270097885832831,-0.739292927217833,-0.673378550652525
0.0122837208177888,0.560104527696007,0.828330868830387
0.200305093013146,0.181936536503546,-0.96269256068492
-0.0945533697861791,0.796160746498021,0.597651843465568
0.058634597516136,-0.596670070365375,-0.800341683972726
-0.069271957245511,0.916007940157898,0.395133964000895
-0.0369484225624959,0.981668288257808,-0.186981779591298
0.123395699816448,0.0873012378887875,0.988509987369827
-0.0333376486302871,-0.731382996269171,-0.681151608639467
0.0569868272888905,-0.52567326547452,-0.848775659100154
-0.502438070872291,0.189076570735524,0.843685981474758
-0.078116340678694,0.996918251836412,-0.0071997551626102
-0.0325318099084861,-0.599104410963298,-0.800009741258441
-0.0483175752741053,0.773445938279078,0.63201803176747
0.24251496340834,0.968447800632717,-0.0574051389050179
0.0182528215446995,0.688929765747112,0.724598242044021
0.0339462411321223,0.724526959367453,0.688410007090798
-0.41000909980039,0.869621443339803,0.275047420210539
-0.0781547992565329,0.162807244859348,0.983557638562418
0.29864748374286,-0.954348877955949,0.00528200703134736
0.524635550392607,-0.801460049274768,0.287087667239001
-0.177934999955892,0.9520076924038,-0.249039132255733
-0.0548684869819614,0.854673877636656,0.516257699237341
-0.077165304308265,-0.749014019529475,-0.658045222123307
-0.0939587271611795,0.196916947997848,0.975907512616572
0.0802556258853729,-0.445060306003121,-0.891897056018325
0.0562615422896754,-0.523042143975955,-0.850447855241121
0.0396578578715109,0.778616828440954,0.626245230542791
-0.0219388699810016,0.80218362350041,0.596674216111027
-0.10464779853308,-0.679939495651222,-0.725762440827398
-0.0401858904915563,0.769108886258382,0.637853129869088
0.274999442729675,-0.314658982081874,-0.908496027230481
0.0471251280599376,-0.928698543390288,-0.367829087770518
0.0963672366968075,0.705322441557236,0.702305922748171
-0.129817108045162,0.812949884024775,0.567679491018388
-0.165263979839933,0.722854160974376,0.670946852537141
-0.0340272588560508,-0.73388967460221,-0.678415868893856
-0.113238386626158,-0.889418716637756,-0.44284468415998
-0.015434271823908,0.143215053517306,0.989571236293427
0.0057217685631972,-0.851521663861655,-0.524288200648067
0.18891527841158,-0.330993157285034,-0.924529365360106
-0.184826762799189,-0.842420352351686,-0.506129447569328
-0.109168963572838,0.808175772217457,0.578734877636685
0.180761258643944,0.603107689663327,-0.776908284189595
0.0168904963381541,-0.473375244819534,-0.880698920588357
-0.0388734653142823,-0.512466981437954,-0.857826583075117
-0.0578343175860198,-0.715035476595681,-0.696691796219065
-0.15929099497793,0.0819707267706645,0.983822737525226
-0.0845300520190669,0.516148735347884,0.8523175190646
0.199289741938233,-0.67761423336358,-0.707900098531763
0.0625536107081043,-0.845522087820009,-0.530263561633148
-0.1814641152615,0.918975986639941,0.350077007030608
-0.0294825655831981,0.763846904051912,0.644723728039338
-0.298903527483505,0.450128957801164,0.841451485593053
0.0333269917084575,-0.932183614247702,-0.360448361005784
-0.0377881914368774,0.698085870595727,0.715016202517493
-0.0337741720222633,0.815259822068487,0.578109615752124
0.189277017666242,-0.479014012041478,-0.857157970768108
0.0793256164772809,0.798051003265794,0.59734583179006
-0.12162920897225,-0.465994940747472,-0.876387500323085
0.0230203434474892,0.74476589228481,0.666928653962904
0.169397224976323,0.850845830722317,0.497358977512994
-0.058840231376905,0.647455676970212,0.759828252653556
0.077043610379175,0.797820557223058,0.59795203868875
0.00355203775991532,0.817044129433174,0.576564197281222
-0.0178991606820902,-0.377270874973783,-0.925929968703569
-0.0143891303592961,-0.424740542696178,-0.90520076464708
0.019022835389481,-0.406525989560396,-0.913441159323186
0.129565112845613,0.691778657670317,0.710390857433539
0.0174218610631943,-0.779517538676575,-0.626138072355218
0.0273985278569971,0.937133155561628,0.347894767736416
0.12412020131627,-0.181648118604041,-0.975498916776857
0.0117714957463228,0.578101810235739,0.815879726975769
-0.107590319222677,-0.846967017908824,-0.520644978641105
0.22035050926456,-0.896383375464533,-0.384632938342076
0.21028089299747,-0.311835368043833,0.926574686292019
0.00793104906695186,0.713925052407646,0.70017720471709
0.0591403022314276,-0.119128100363583,-0.991115997427011
-0.0723822442397507,0.0414973988526899,0.996513309799361
-0.149823754383106,0.720862981477418,0.676690035805197
-0.0449043572410033,0.403886561311676,0.913706322782437
-0.0803305483772644,-0.617333535800389,-0.782589489179096
-0.00249547948519448,-0.530615285962466,0.847609102644084
-0.028894228551678,0.542208335333143,0.839747131374478
0.0124603505256523,-0.698810799497004,-0.715198018852916
-0.0208484880552806,0.577889132679496,0.81584893876057
-0.0615625895024068,0.11597969654572,0.991341897411242
-0.0896737492998601,0.633194755216478,0.768780216090951
0.100122016841453,0.635686082649223,0.76542719188025
-0.101786573855963,0.579981744847959,0.808245426232516
0.346164856023039,0.296393431209246,0.89012405112465
0.0489435226131395,-0.615800555180359,-0.786380447260599
0.0454692750300432,-0.75602092508755,-0.652966236384399
-0.573543711889897,0.159379490598965,-0.803520870001504
0.0227974894050611,0.64766902539835,0.761580664156055
0.0404043121857957,0.992639774743324,0.114165534003546
0.0156469904169449,-0.808371301923805,-0.588464960653482
0.11352220876613,0.803984972836034,0.583713004455701
-0.0448504532105891,0.835915858551288,0.547022041849566
-0.109720414359468,-0.643299169385681,-0.757712088685722
0.125432584567665,0.849780102438493,0.511996527554924
-0.035564304142341,-0.715565201421439,-0.697640038118202
-0.0524940685384097,0.626492629236131,0.777657609929386
-0.100169197556121,-0.529645918574256,-0.842283404085938
-0.0242944315535599,0.840578281934892,0.541145019874409
-0.267084119109012,0.871406108442965,-0.411482037868058
0.176409481945803,-0.982894004034454,0.0529062521138309
-0.0284246790758665,-0.761478703599696,-0.647566383920259
0.141155742909928,0.0834997869628476,0.986459751749003
-0.0239379125121658,0.84250400204336,0.538157953472288
-0.40296975830043,-0.698277053137328,-0.591628710389499
0.0352786083029079,-0.683310025380676,-0.72927555081085
0.0446738682724394,0.80756593406996,0.588082908800527
0.462707000698,0.872968255035067,-0.154365336802313
0.18440627400582,0.716922594585428,0.672321589330723
-0.0406796402468687,-0.787754140272145,-0.614645085682363
0.0539886052004111,-0.654285325052003,-0.754318198063728
-0.0682565177124858,-0.697595479292869,-0.713233198231769
-0.0316341177794914,0.670052847482559,0.741639039002686
0.041373766135582,-0.644390569343333,-0.763576456955774
-0.114059305688977,0.942823100461013,0.313169404672344
-0.0601502037183276,-0.852559650696593,-0.519157004187314
-0.0652961707434262,-0.623200391488172,-0.779331561105563
-0.0430111249824176,-0.771045414453435,-0.63532591004781
0.0184012415438235,0.717610473319834,0.696201553353143
-0.0672561362427736,0.863594557044233,0.499680951389252
-0.0358885494416156,0.826057583696298,0.562441890720108
-0.0183949111362456,0.943425715456086,0.33107332520223
0.0284259139315701,0.678992273918936,0.733594887779043
-0.198502533764062,-0.818939642348036,-0.538455760745597
0.323689567349456,0.619377290010084,-0.71525997833577
-0.0683059030732024,-0.519609559841624,-0.851669072425756
-0.042405095944135,-0.610016561610156,-0.791253184764075
0.0588125544159525,-0.429129890137098,-0.90132603470331
-0.541673274270267,-0.836677500986729,-0.0809989091527134
-0.0312285552279391,-0.645087579220448,-0.763470230247308
0.0984586822956407,-0.572586940263555,-0.813910365900463
0.074224663546892,-0.930227889445582,-0.359397792173198
-0.104406765812674,0.216013142266837,-0.970792227832786
-0.227247099485729,-0.129242005908187,-0.965222906734062
0.0580780871352151,-0.768615480357154,-0.637069210643597
0.00379348291693185,0.852173582453127,0.523245444181183
0.454875023890881,-0.0429638842620898,0.889518306326174
-0.311186068025307,0.638680822908791,-0.703740035464445
0.142567560114818,0.957556891179634,0.250518045173003
-0.131885850725903,0.549325032250423,0.825135220022377
-0.00693746725697343,-0.627517910429296,-0.778571219374636
0.0207368726305329,0.879651636778311,0.475166265665761
-0.0280706166882179,-0.934402291484257,0.355111810769104
0.0986480824810617,-0.758754972736014,-0.643862910231037
-0.367744452077132,0.89211755654468,0.262469585421322
-0.00469137138404203,-0.798765953050188,-0.601623589366608
-0.120143580004969,-0.811871199257561,-0.571341120522301
0.0648754867849987,0.807745110872619,-0.585951369207197
-0.0676480036101087,-0.839671979347235,-0.538864282270279
0.156066758254596,-0.651539715876054,-0.742387476729
-0.0365306246053188,0.478684062917278,0.877226926955023
0.153801094981405,-0.285153103282146,0.946061800767309
0.0140818004524724,0.935133103744208,0.354016639690483
0.243436053725052,-0.936278940699414,-0.253220522370437
-0.0536225419916317,0.767648622061998,0.63862368890973
-0.047818441364168,-0.813281537694629,-0.57990217891517
0.146048389643361,0.769953226407575,0.62116173177937
0.0652623757851915,0.542601982059271,0.837450841167542
-0.0360277016198952,-0.998617458112943,0.038277631431855
-0.173348306080264,0.110152216493867,-0.978681180967833
0.113504506433303,0.97650718500156,-0.183167804648257
-0.0141780204982627,-0.841481654945475,-0.540099627962263
-0.325317778311499,0.125203719228511,0.937279238970873
-0.011853848347973,0.710444255256695,0.703653640971254
-0.00970426653584952,-0.77048067526507,-0.637389485522066
0.0718000492550813,-0.602047135625823,-0.795225753740226
0.252005019440027,0.333282826818654,0.908524092979817
0.203212112820028,0.342523005869856,0.917269223103609
-0.0168658779621178,-0.663038433181955,-0.748395335557474
0.155291800395463,-0.617730118180554,-0.77090463601056
0.051031642578071,-0.724837312295785,-0.687027395494246
-0.0203949064584993,-0.727923280985032,-0.685355196077578
-0.0521602913863928,-0.266903615077386,0.962310638131528
-0.0107724503080345,0.75521110363918,0.655393121152833
0.0505370706701363,-0.663749767489925,-0.746245435929193
0.0129163700502289,-0.645165646317059,-0.763933541741045
0.167796861268415,0.576382749695677,-0.79976692804949
0.040435209074915,0.621633410128658,0.782263956269803
-0.0471925847883464,-0.669463840848057,-0.741344067041723
-0.177394310172791,0.645571191446004,0.742811615077003
0.0163458037626244,0.998506288926132,0.0521344960109607
0.0162564838067314,-0.695124670030809,-0.718705377640101
0.102312075359862,0.780229275392444,0.617069296802344
0.0344923146182393,0.78587310386232,0.61742509250765
-0.0303925004273871,0.635140490484318,0.771798453785126
-0.0341281846728,0.356605673314681,0.933631437329915
0.0269934318609593,0.838407415054888,0.544375202426918
-0.0176841538467016,-0.652089687557239,-0.75793555800228
-0.0518190405991209,-0.958208898132215,-0.281336976900716
0.0478488284641336,-0.992376258647897,-0.113577510479019
0.0194190094740273,-0.570318814444607,-0.821193857722734
-0.0596434380582728,0.787734604088437,0.61312058668603
0.139891666489551,-0.50115026949656,-0.853978178310372
-0.219095727042393,-0.615185482652965,-0.757326801536037
-0.437115422052117,-0.0303760157993571,-0.89889232139804
-0.313334598921369,0.905261120594714,0.286921126197404
-0.0132279854451189,-0.696817112186218,-0.717126859464574
0.0506804982709512,0.653966049127041,0.754824412485564
-0.0203836505599157,-0.673883537467036,-0.738556351757105
0.0189701579647118,-0.725588283186533,-0.687867557316969
-0.322025073965429,0.101342589616458,0.941291416760713
-0.213537170848454,0.780159395693404,0.58800781795597
0.119586493336362,0.529999797987167,-0.839523248483968
0.631659734376331,-0.433953214617257,-0.642409983959599
-0.159874503344836,-0.884097802127413,-0.439102743618986
0.145071672096634,0.773886878491145,0.616484638295488
0.896742210346418,0.390055718376846,0.209069234332897
-0.155288946046981,0.0452993934877015,0.986829928703657
0.350480198443089,0.282737011635152,-0.892873682415893
0.395397597990789,-0.809027463235509,0.434896888047996
-0.0779959302597694,-0.766138466375073,-0.637925140751926
-0.0737127338721127,-0.00883961421382167,-0.997240339178901
0.0914803759102852,0.455189520142914,0.885682698021914
-0.13096856779769,0.909919749132142,0.393564841402686
-0.0490051503139065,0.347953114161848,0.936230273804358
-0.107909206675846,0.596999878796328,0.794950783276398
0.00848048905473476,0.643382948243317,0.765497526589818
-0.0343048943364123,0.744752810679677,0.666458119621398
0.0830534315569651,-0.347660738416282,-0.933934761356733
0.158970495047242,-0.669401359134807,0.725692911700884
-0.076777623599091,-0.7833088242218,-0.61687314936763
0.182355610602829,-0.403503619461062,-0.896622139121878
0.112094193627644,-0.956503205876188,-0.269326027155831
0.057609388853348,-0.797038017646632,-0.60117514647719
-0.0712631283442151,0.693367685366689,0.717051476135317
-0.00261937024005687,0.902966652714523,-0.429702644843008
-0.243294921800712,0.935565368838053,0.255978557025591
-0.0163914366440063,-0.785253012482742,-0.618958017309352
-0.0255706035859122,0.682536915203218,0.730403657998183
-0.0155662158226061,0.794839317175918,0.60662027067704
0.03056816903322,0.705483897767021,0.708066421342947
-0.0893334026917898,-0.732676075484044,-0.674689048063481
-0.0552673137514458,-0.780468519828044,-0.622747471763733
-0.0488873865033693,0.431493354008794,0.90079049111717
0.0240442279343473,0.132694913913269,0.99086524559326
-0.0771141150066431,0.818504658975705,0.569300919112035
0.0697231735371839,-0.398022884618456,-0.914722068385751
-0.0041495231225815,-0.719258398660509,-0.694730262342282
0.681292361182874,0.171271650038747,0.711692869492782
-0.0112097996754275,0.847528571242062,0.53063137988591
0.101356728964517,-0.56910383827059,-0.815994874223666
0.0147378274210495,0.698703841541963,0.715259210536579
-0.21488252385058,-0.666999229727315,-0.713398576173778
0.112710198348257,-0.739493036539873,-0.663661404706749
-0.00639100070299129,0.523389270691462,0.852069730969874
0.156231784819596,-0.348483012929672,-0.924203018341501
-0.0605108762452838,0.405518672873912,0.912081706760205
0.471073877635465,-0.456374451695216,-0.754858769339919
0.280589193746803,0.769887728839071,-0.573186347827245
-0.245432928072933,0.64617955845621,0.722644211248443
-0.173843786501582,0.0284892186564276,-0.984361062982044
0.693853738914369,0.248529302839592,0.675869939133719
-0.353043904576458,-0.917442803550729,-0.183463085263459
-0.0777331885101013,0.716194053024816,0.693558670781312
0.39578776392263,-0.561204169086842,-0.7269125989613
0.24563256943296,-0.826673357761224,-0.506236901461703
0.0502347027529281,0.711634060526534,0.700752052111046
0.0787707641545886,-0.718597144894555,-0.690951018570706
-0.239610990600569,0.452041376731585,0.859211945276616
0.168186213669798,0.739132482681114,0.652224325349086
0.241360355002459,0.674641694254927,-0.697569898580729
0.133561209656078,-0.628989576884612,-0.765854761326011
-0.154757059085861,0.366731464495656,0.917364859590756
-0.0596654402587981,0.998186690492585,0.0079602865641554
-0.0906139251407193,0.978858133880293,-0.183373581267809
-0.00527465190765186,0.746416617521106,0.665458046112303
0.131509403076301,-0.937165243023773,0.323151023780999
0.116474318581215,-0.412786615074262,-0.9033498455895
-0.709457473988947,0.535678351262453,-0.457950648640181
-0.120152069360017,-0.0847409808798801,-0.989132168311203
0.0209133721652106,0.820093130870916,0.571847783560467
0.0565100561838889,-0.780338990323942,-0.622798260860051
0.0548255190881239,0.520717361096327,0.851966896252193
0.0263330976902777,0.392926114945513,0.919192926517529
0.0828894895266754,-0.414380619257143,-0.906321154398414
-0.0643533442839307,-0.0797169685008426,0.994738082116348
-0.03416894411774,0.900419370916674,0.433678959295814
0.155655692526604,-0.86024222284745,-0.485545696525612
0.274230741774233,0.803992971463584,0.527629417397391
0.109218937450251,0.919237331906328,-0.378251174924776
0.0255613595925726,-0.867889117100018,-0.496099886429265
-0.038892687768247,0.817636735948408,0.574419295346
0.179212499185699,-0.718919569668678,-0.671593279063318
0.00398329217665195,-0.746485564031554,-0.665389687383212
0.0273362037215008,0.680391925728666,0.732338418608046
0.0765940806786195,0.624539907693857,0.777227926996158
0.00861406926006464,-0.141689078407051,-0.989873730771225
-0.00404563298094297,0.640719576218709,0.767764324193239
-0.0306215526994456,0.734249479870486,0.67818878037033
0.0649130784515091,-0.329983991121477,-0.941752015049338
0.00928975967307511,0.253698275377412,-0.967238794422424
-0.144536852060888,0.696816187593667,0.702535621234793
-0.064325781416491,-0.762546658591013,-0.643727261592081
-0.0296753936352814,-0.545975747618957,-0.837275255829594
0.0439850894274915,0.949790933543109,0.309778137490956
-0.0711865890914936,0.654735960435097,0.752498034314144
-0.0245375207187931,0.49349727311107,0.869401145334484
0.105059230668286,-0.994453374461783,-0.00500440535533998
-0.0698848812670468,-0.809572314556872,-0.582845409069437
0.0622057546616878,0.692525065716881,0.718706809095892
0.0601774739045436,-0.477390907087418,-0.8766279675351
-0.00975276031798652,0.951910905452679,0.306219711557635
-0.0304638888962171,-0.459224580034446,-0.887797688984098
-0.00103620880797807,0.586383562005381,0.81003286629691
-0.0665704258667045,0.447165510466779,0.891970506602607
-0.491993844018151,-0.6306178248181,0.60021930697865
-0.0235754264725482,-0.734301324075222,-0.678414154280417
0.122456225033259,0.588733153006676,0.798997964641602
0.048274175566118,0.572527595951018,0.818463044888381
0.000917567272000496,0.843811514188212,0.536638879129809
0.0616622198109955,-0.684432854819912,-0.726463652147199
0.13149605075212,0.392153894317647,0.91045269608481
-0.0125270083579867,0.394422008572747,0.918844030951412
0.0978771106723848,0.94475396877187,-0.312825845633358
0.0545845816070523,-0.778234814469289,-0.625596592860554
-0.0388603751144749,-0.875093724439507,-0.482390759335784
-0.136700373946737,-0.764363823055365,-0.63012772813693
0.134771917233555,0.781859170052633,0.608714028530475
0.0869914853256502,0.814539180343167,0.573548956207505
-0.0891125044192198,0.177833525835553,-0.980017448132955
0.216259530752368,0.584599819647809,0.781968583912752
0.0662600416913837,0.624449172886702,0.778249855352489
0.0196714105641113,-0.697159489798051,-0.716646134009624
-0.0659140210162854,-0.583569982698799,-0.809383356096719
-0.0464206617507766,0.682819916693056,0.72911047416006
0.00986732227442676,-0.897176740800122,-0.441561469920558
-0.0122621776886771,0.62051691317834,0.784097187508
0.0971724900391512,-0.537808733967401,-0.837448071732196
0.186790850490856,-0.980425437058711,0.0622506268333005
-0.0398137396134104,-0.678258874926622,-0.733743664177939
0.04045152755453,-0.516539203897059,-0.855307503039636
0.0439881245614708,0.394525680016472,0.91783142935133
0.023520638996814,0.922078918856411,0.386286482991281
-0.0114057362291308,-0.610552036911154,-0.791894007683296
-0.0437179039271206,0.763510891187425,0.644313482642108
0.00341299850384259,0.720550616591518,0.693393943131028
0.0166196017394394,-0.789182452559617,-0.613933909643383
0.140231911287997,-0.56626421505031,-0.812206777741956
0.0599659945533892,-0.434129486095129,-0.898852417697145
0.00310629532351349,-0.598108027721047,-0.801409469687626
-0.0784242847811371,-0.205823408427926,-0.975441621061803
0.425802487816307,-0.888252032447648,-0.172338527967678
-0.0218836627080337,0.580176600688392,0.814196669926955
-0.0165693371072154,-0.720239913535167,-0.693527161702181
-0.00263008106303774,-0.538925868544472,-0.842349090868619
0.357563494310828,0.0167539120990749,0.933738536189659
0.0111873100631552,0.847086610711646,0.53133710396189
-0.215456876232365,-0.596294593978373,-0.773311768742956
-0.0770906042057567,-0.588089834830218,-0.805113274584737
-0.00160678243894357,-0.763911842660627,-0.645318615021323
0.210870032446403,-0.739105452385701,-0.639731943605899
-0.230239064775772,0.388673542536312,0.892145083707494
0.746180048174417,-0.153552710395424,-0.647793872182073
-0.0235071616058313,-0.58428647235957,-0.811206959764798
-0.00798400900179115,-0.708124935491017,-0.706042018109477
0.0247312459838575,-0.63606516417303,-0.771238920437514
-0.134417282792886,-0.66913718000253,-0.730881268349955
0.0210073943261229,0.587709150939207,0.808799507471378
-0.0383998636547807,-0.536373484253942,-0.843106716768749
0.235166495800133,0.797367617290714,-0.555789170593684
0.226544868438801,0.539377148223996,0.811017702986683
0.0642541409212345,-0.67741280427591,-0.732791442347358
0.131029279648632,-0.629313182334195,-0.766026270055518
-0.161791018981199,-0.483145495060926,-0.860461560314787
0.190449294097011,0.848530917009876,0.493684463251912
0.10192738769225,-0.78533242147128,-0.610625740879215
0.0242347173377397,-0.968482771633592,-0.247898768703026
-0.000347006602009209,0.720873208898546,0.69306687720503
0.0264717231457003,0.717671379263525,0.695878609571876
-0.0577191945985999,-0.723968779346009,-0.68741377721656
0.0704836833084728,-0.697135826296557,-0.713465969812918
-0.0398676943875559,-0.737337723563994,-0.674346830906535
0.0387088837474712,0.806976395291057,0.589313770212505
-0.145338367540473,-0.296328934766012,-0.943962881336502
0.18753602448028,-0.90502662460154,0.38178141427324
-0.0146103205626009,0.775423464261814,0.631272516117457
-0.0251197039074591,-0.600054524323311,-0.799564611719858
0.0520747455260524,0.78693547093332,0.614833949506166
0.371439545763473,-0.570181646620168,0.732752041075656
0.362948845607757,0.281192636003103,0.888368637970534
0.0096404865937439,-0.709807455739163,-0.704329778438575
-0.196267635269912,-0.93390989795711,-0.298816528731757
-0.343961148072114,0.330973759486972,0.878719010348572
0.0194637915890411,0.66120491657015,0.749952811262442
0.697254321346631,0.225359704250981,0.680477343534199
0.0315570239434905,-0.698068402080451,-0.715335348110714
-0.122128090751058,-0.56812419728957,-0.813830219335448
-0.119825293816768,0.808184882258009,-0.576610002559211
0.0252805642117702,-0.603052339155982,-0.797300927700221
0.717550421781432,-0.194336446801554,-0.668845825019365
-0.995674185205661,0.0908018396146779,-0.0196962645603962
-0.218176837095136,-0.773217594298854,-0.595427090097398
0.00940788408870775,0.993548975263411,0.113012943816183
-0.155594850398189,0.692702472193913,0.704239680468239
-0.000822171093250451,-0.772547008951387,-0.634957040275135
0.0175327598290784,-0.83879114842569,-0.544170939738138
-0.125013241594271,0.802349927245735,0.583614841890485
-0.259763189638829,-0.625175805890114,0.7359879734332
0.302690561025999,-0.251920962043521,-0.919192174220839
-0.0209081325879144,-0.669718906642164,-0.742320305580893
-0.907127804096078,-0.219169369638362,-0.359282527334897
-0.0962923679576016,-0.95166279998477,-0.291660238973818
-0.0403845353905717,-0.629959908820697,-0.775576948200439
0.0741186344035067,0.558689848903006,0.826058158223073
-0.0303323257670535,0.301913794691669,0.952852564979724
-0.0982784068774159,-0.515378637570233,-0.851308530838196
-0.180223681400381,-0.669848718046649,0.720293078957277
0.0223131947711493,-0.999356565012049,-0.0280816186574748
-0.0637588487385417,-0.921506647635089,-0.383093079514465
0.153728967294652,0.588038676312704,0.794089365106297
-0.109702659200679,0.392619414795315,0.913134886908875
0.0616162508254905,-0.451822452070271,0.889977476928162
0.0194828901824504,-0.669028477889051,-0.74298136770958
0.103221409308822,0.522993101364884,0.846063565333622
0.0463860283481538,0.877445440806814,0.477428355652888
-0.070220072149729,-0.432054803103815,-0.899109441938083
-0.0437575312294642,0.54959986904309,0.834281284944425
0.106574690219122,-0.651814868174835,-0.750852324382712
-0.261852695810217,-0.823001186714903,0.504085520881907
0.0571993962869196,0.454778027134163,0.888766096957107
0.109525799709395,0.122255774209352,-0.986436832681388
-0.0495813392049628,-0.226490751308546,-0.972750548894388
-0.0112660195910056,-0.870681362203743,0.49171845838204
0.043341141410366,0.626085932537536,0.778548617967979
0.0263959450427557,0.598247725462788,0.800876340681818
0.297363020870049,0.203395303277941,0.932848103617901
0.0639198764004773,0.570167707407085,0.819037871426649
-0.134004421113837,0.689259604869783,0.712014053384269
0.266571646066016,0.833323085108062,0.48426459021865
0.465233852935062,0.256466408104095,-0.847220422084702
0.0301066704164359,-0.780641285790681,-0.624253771566908
0.0474681087034079,-0.498291530807319,-0.865709148029418
0.0241784758808768,-0.752487244518977,-0.658162858371935
-0.0896532900306792,0.633546447800362,0.768492801570853
0.240695048357397,0.715501021195155,-0.655838533760346
-0.0739089264103558,0.755455995228993,0.651017442062377
0.0512984231954829,0.642701147768437,0.764397610170775
-0.0181364051822083,-0.429688449596517,-0.902795052650605
-0.424091289005982,-0.327780377991065,-0.844219522632164
-0.339835759922802,0.430396421817054,0.836223998917018
-0.17847167057505,-0.744425866635494,-0.643411215231865
0.0230355388174442,0.763022268634459,0.645961594461555
-0.0329324496398523,-0.767886003248658,-0.639739431155779
-0.167980502373216,-0.680045519243743,-0.71366703901676
-0.143855149207636,0.380463117791359,0.913539004119106
-0.417902288083646,0.140492037768117,0.897563181585684
0.122234100930504,-0.905965574076311,-0.405321111167789
-0.0298614808385384,0.733906456357406,0.678593844121094
0.0700669775213729,-0.691831340394292,0.718651525504021
0.128823623074293,0.861702200838192,0.490788947724608
0.450695804327331,0.29357181069762,0.843023655614397
0.0928806552217822,0.599359714359702,0.795073026009705
-0.00149529687029715,-0.830467537210809,-0.557065017503597
-0.483108603627736,-0.740011230662486,-0.46796309212827
0.549572331636665,0.547054236566145,0.631428471447457
-0.588569936053092,-0.510856817878914,-0.626586579812471
0.568940391312717,0.558161300103883,0.603955953856965
0.559751444586669,0.558322317988614,0.612335291747061
0.483692331753411,0.4859889223397,0.727912423005711
0.508516263142432,0.657353358119606,0.55614546000892
-0.570774554198256,-0.581857607972087,-0.579360105914088
0.548597186691868,0.663528085065951,0.508695986894412
-0.478361654755118,-0.629836952368952,-0.611944066635617
-0.644499954280756,-0.570675913635325,-0.508870131299324
-0.0978282599555891,-0.926904137194813,-0.362323546026477
0.565279419842236,0.579614751752408,0.586946264196152
0.556955249856572,0.570738744174852,0.603372302608361
0.695653566292163,0.651696276389009,0.302254990108843
0.666757033861224,0.503026906271328,0.549908164481743
-0.544725846094326,0.0910334254662246,0.833658604012881
-0.772878333738482,-0.429217654733116,-0.467366329663392
0.60338272542838,0.558084681339043,0.569623362503083
0.655255810650155,0.494523415324121,0.571039765958007
0.607448493338823,0.638798084443594,0.472168757174369
0.60238270142129,0.594446503294377,0.53269919818738
-0.624675940600381,-0.576191651488087,-0.527051373198533
-0.743509154517521,-0.48099187528454,-0.464586862770465
0.378253907420559,-0.694245521797034,-0.612329271704238
-0.00189312646607206,-0.165413027576612,-0.986222564323146
0.689500380071734,0.49926242695563,0.524715403729782
0.691747704786479,0.559849221738898,0.456129325784901
-0.567947242803676,-0.598351809680854,-0.56516461428804
-0.524022753489695,-0.668308894165484,-0.527980469150504
0.552925768769106,0.614085880781765,0.563179922631814
0.65730249630959,0.473342377141267,0.586430236556264
-0.513698398177492,-0.662599829444567,0.545046256504812
-0.615074165615881,-0.521173483849494,-0.591660350643939
-0.669927202623751,-0.559985989327856,-0.487455879994506
-0.586269652619006,-0.589867648258627,-0.555287359801955
0.467918707051672,0.560536943026277,0.683264530832567
-0.735953661452765,-0.655300073635321,-0.170158813135882
-0.577306709377032,-0.478915969347912,-0.661329311018205
-0.551618115356895,-0.573835412862127,-0.605334926925136
-0.482102314972752,-0.566743358176931,-0.668116250259077
0.450498630699613,0.682699415740707,0.57530208715515
0.595036766077912,0.625121278772176,0.505128334031837
0.537382087722694,0.546524988070896,0.642285706838402
0.0412050033281194,0.105336411947102,-0.993582602514174
-0.486274070860501,-0.648322885813072,-0.58584551183718
-0.559705100308235,-0.570928120329596,-0.600642391199508
0.549413702591786,0.636524551522749,0.541277266022828
-0.596061206718237,-0.525180035939412,-0.607368889305565
0.581515886298147,0.598182900613219,0.551376905026712
-0.584096314413628,-0.584713788139854,-0.562975382630145
0.674620847342433,0.488964585360459,0.552992175888821
0.551685486285687,0.623255410712313,0.554252485100023
0.56623066718967,0.610787457700856,0.553463199363126
-0.607050652955143,-0.533061274249391,-0.589351493289319
-0.52531654724091,-0.628075448179816,-0.574076437931928
-0.525000246004436,-0.580102309562385,-0.622780902192472
0.540628585066008,0.536008597666908,0.648394568327558
-0.880256493296598,-0.464831080290232,0.0952920395699055
0.659033576586813,0.56947753132473,-0.491294296982455
0.593741008365719,0.557896037189958,0.579847934093586
-0.512089314128633,-0.592471376931495,-0.621886003920465
-0.0207510401155483,-0.924131996415958,-0.381509433087019
-0.48380935437846,-0.762882374559919,-0.428881092147598
0.609661843645889,0.44585995057436,0.655378776644564
-0.718054916868996,-0.528356463025047,-0.453030445268219
0.607155104680762,0.511910400772896,0.607709157772553
-0.619100208038831,-0.525478715556815,-0.583598365233347
0.6439221167301,0.499601910744875,0.579449944659499
-0.67954057794731,-0.564981703187869,-0.467996023472392
0.547800590914967,-0.122015340845095,0.827663439564457
-0.37886048123242,-0.385178216018714,-0.841488251650004
0.624361669030332,0.526473658974774,0.577059782562753
-0.632340939038381,-0.562238209977576,-0.532947588471202
0.58223459643642,0.616463923098852,0.530070850198435
-0.599200723301083,-0.329788599748741,0.729519000898005
0.492666217359038,0.41453496506161,0.765141007275461
-0.545912231658706,-0.574229837415585,-0.610114685241294
-0.676582518181416,-0.569168285651564,-0.467208260521744
0.288092298829933,0.955566479531767,0.0624141854881504
0.605694879337333,0.566072737062204,0.559191710864386
0.579433415242222,0.55944845828847,0.592684013467032
0.831405203545032,0.247025996948577,0.497738429649355
0.138695002788287,0.923269836277182,0.358240848623188
-0.588939173509216,-0.555627368829682,-0.586880632593789
-0.595145950802798,-0.57426175990214,-0.562160767358529
0.110898808046953,0.665538391411428,-0.738078657008353
-0.73135547382057,-0.542419584261028,-0.413400732368464
0.0606080280682877,-0.723199684475214,-0.687974478675353
0.333727115942068,0.359858124499911,0.871279715313284
0.575642725286462,0.600623045199534,0.554876031560216
-0.531710948618967,-0.493016266381918,-0.68863519239257
0.357655535207758,0.650890076371338,0.66964514977454
-0.654975450784561,-0.640504534411802,-0.400950246623545
-0.446454988129949,-0.731940181311894,-0.514724697828849
-0.601795545534583,-0.561250675522727,-0.568189933560967
0.633404133411575,0.608103064986094,0.478549753036872
0.668265246260084,0.606275521796202,0.431105036286626
0.53578443598927,0.613853078343664,0.579758084341794
-0.624137138732952,-0.582891767465181,-0.520278790145784
0.54955338626908,0.56995832962584,0.610850700360006
0.37605853223978,0.410921339875015,0.830496016104222
0.587801668111884,0.59489853529119,0.548256264600126
-0.618479784470184,-0.616624880863354,-0.48708984027792
-0.16852033485357,-0.531705715892995,-0.82999393276551
-0.497624413349094,-0.478541885598402,-0.723441502104279
0.456386297720465,0.615837336262527,0.642227313743415
-0.452186759103499,-0.828630122328202,-0.329998871606895
0.576553208335678,0.616081797097013,0.536683908128007
-0.626159005428888,-0.559179073078501,-0.54336328929306
-0.602850143221751,-0.620494027324434,-0.501556444353195
-0.533568247242408,-0.547246609980163,-0.644845774894962
0.594548027165697,0.573428482016771,0.563642102229171
0.599342368718161,0.59704936716128,0.533217383654751
-0.555571486473399,-0.556333107614963,-0.617927015746371
-0.553344855932227,-0.582597009107981,-0.595306807782153
0.587001040069574,0.593139362432255,0.551013135678902
0.57795046409606,0.574524768132323,0.579564105042444
0.506644326958086,0.675248090054235,0.536051809846115
0.531503184522684,0.639485439012844,0.555484237519658
0.482152043200785,0.669937097108985,0.56454733473332
-0.609533706504685,-0.615183844036664,-0.500017498364741
0.63447250661476,0.557995103848524,0.534870173435628
0.54318465429266,0.582404207946763,0.60477745485994
0.65947738897994,0.584888928557026,0.472222950178848
0.575879797804338,0.590346204570159,0.56555620165501
-0.682778850014039,-0.490141502892512,-0.541825017063421
0.733702085757085,0.619140241716229,0.279904645269192
-0.442139965114637,-0.568787045120337,-0.693536984270993
-0.562083035326816,-0.565318549885442,-0.603719801359219
-0.356609949292326,-0.492879632641619,-0.793661774178893
0.568437134402808,0.551152492062516,0.610827434489645
-0.489851618533362,-0.707310858219022,-0.509663361117626
-0.550995217686217,-0.616642280219649,-0.562278016938623
-0.686759538514134,-0.495216942662943,-0.532091642444627
-0.557347852881615,-0.553221232238629,-0.619120052242396
0.586555264891149,0.543223080869786,0.600717575603388
-0.577833747277351,-0.574578868530496,-0.579626849227699
0.381041806145038,0.599748727846878,0.703639542248571
0.577366988891516,0.571535330986094,0.583090666683115
0.629547741194757,0.543765226065095,0.554967585070476
-0.470629160902521,-0.531224716181841,-0.704491656320861
-0.00052057582413716,-0.337220109681263,-0.941425688319247
0.431933234408645,0.653547801454902,0.621537571050013
-0.55401273102726,-0.484006216198162,-0.677353583102101
-0.504122192524379,-0.603122586616727,-0.618145581976578
0.580327524648591,0.623473172557334,0.523928589825495
-0.668787144902721,-0.571067799644779,-0.476030800496919
0.586232757675396,0.543989393049303,0.600338816068186
0.51101976025075,0.239924476900084,0.8254059910235
0.514410606035663,0.588577744465087,0.623664947803236
0.801522374348952,0.597331202001049,0.0275194210331499
0.917515974329199,0.261287346103771,-0.299822213347825
0.712183811259525,0.57333248548995,0.405072931781146
-0.553922208274437,-0.575839839702088,-0.601314116075986
0.594448218511858,0.581621987516303,0.555290175625018
-0.561866377277544,-0.58174993604764,-0.588109841775816
-0.664288271169235,-0.614085032608406,-0.426169761378398
0.50013866058835,0.600598951443197,0.623812647924218
-0.805559371177595,-0.531735618156969,-0.261402624109216
-0.437359889129452,-0.602240810808806,-0.667849034720441
0.984039481660635,-0.0378401043672474,0.173880490666851
0.410815623195383,0.598795727894857,0.687513054416756
-0.529558991411047,-0.601342413897038,-0.598293051826777
0.557607456134345,0.718560611784592,0.415625519013375
0.582529430740639,0.556036590628273,0.592859825088084
-0.587988386519451,-0.505067236996298,-0.631804355343628
-0.645870471458427,-0.493285837033398,-0.582683805404209
-0.564844343267239,-0.564455590127726,-0.601947468349657
-0.439511070624384,-0.623310619661008,-0.646771899680574
-0.582183164781658,-0.575218783189966,-0.574618233360435
-0.55379564681696,-0.343089840090497,-0.758682900290538
-0.54852954836397,-0.680978752129526,-0.485163141344984
-0.690931209473176,-0.557618808334459,-0.460081871374641
-0.720712566908391,-0.570956736059861,-0.393168922281745
-0.714174054339389,-0.312632092501463,-0.626271981527672
-0.430000385506146,-0.622949682404812,-0.653477896838378
-0.283951876116067,-0.792245518493541,-0.540109591173002
0.368553897734863,0.635311397330546,0.67863646592734
-0.728738961610176,-0.479795612203804,-0.488605870146173
-0.568068928853209,-0.559716645952476,-0.603336529902904
-0.503786990525826,-0.591705390864871,-0.629351569949882
-0.26206136946134,0.170809415750498,-0.949814709365474
0.105121230607163,0.521989836933204,0.846449134333589
0.654781189703314,0.491343253696134,0.574319946247742
0.556374833404435,0.573954108060468,0.600852499865566
0.597400509620207,0.556294269362451,0.57762385423389
0.515460521462584,0.602484320999586,0.6093546535173
-0.499465816405981,-0.637050371017807,-0.587112189473171
-0.610091191770109,-0.5109803298867,-0.605547554031396
0.789446680778972,0.457465610387136,0.409266604452634
-0.520140564663429,-0.598089719485966,-0.60970688075239
-0.555638311665503,-0.631236597623984,-0.541115906649958
-0.543578698375102,-0.580678689381923,-0.606081230835043
-0.522166323401048,-0.6488509035883,-0.553475234873683
0.705603849011886,0.434672973375019,0.559627210272098
-0.415990394389399,-0.716989179056873,-0.559355440566285
0.366258096502535,0.586224686719986,0.72263104239051
-0.683311586050064,-0.602150871594887,-0.412915977176063
-0.375516622845206,-0.430673612442379,-0.820675030394347
-0.349661773944531,-0.669420368530459,-0.65544871198173
0.531303069915594,0.558372204296101,0.637132269915579
0.547579374865569,0.63795774817953,0.541448741580896
0.751505379567883,0.424302581623411,0.505180149756738
-0.555018360189632,-0.641291244591854,-0.529811437647625
-0.622071865467519,-0.518794510613236,-0.586411843290476
0.481139907719553,0.337144614987333,0.809220549531871
0.0763885802485925,-0.996843362817713,0.0216354989283097
-0.679937746335852,-0.524437983824045,-0.512493377742868
0.606617813149531,0.575080817940849,0.548905166313968
0.38415965493315,0.764532363932141,0.517601800636334
-0.512411101153559,-0.603807934695062,-0.610615133626641
0.643105738977204,0.443502852585069,0.624275762979383
-0.544425658309564,-0.60723731488376,-0.578673954819947
-0.268465735543492,0.0215633432312206,-0.963047855024757
0.612233205470337,0.529093569286418,0.587563185588813
-0.564668271355779,-0.824477539981821,-0.037236130164137
0.444031946686371,0.706012223692165,0.551708591848229
-0.648475196851837,-0.547923908175078,-0.528449912402414
0.396157467288111,0.723580014697151,0.565235546867623
0.607468565632963,0.589519485738607,0.532399021132007
-0.613182399994232,-0.537352590197978,-0.579016008539347
-0.54456908265891,-0.650248767823431,-0.529736778179638
-0.578825657994051,-0.522935866312872,-0.625698759285457
-0.391242201865886,-0.743550469388001,-0.542275058390128
0.625997199287388,0.635902540864782,0.451392805664934
0.531563620184135,0.626941773768863,0.569547302688976
0.613672914627637,0.565280264100549,0.551238402935458
-0.6063575566983,-0.636422336971969,-0.476756879801441
-0.631688313455622,-0.50904611335695,-0.58467249731775
-0.486883500819674,-0.633110575203664,-0.601760297954979
-0.58336592528672,-0.592390809713791,-0.555659361282619
0.416892791247371,0.656458367134,0.628699302390052
-0.525235037353848,-0.612425598811887,-0.590815573132432
-0.38756358680669,-0.615561166592727,-0.686206176279793
0.464689608595546,0.64307626145453,0.60870065682319
0.407773810284171,0.702922238877957,0.582769976695032
-0.852991355388812,0.462304634430065,-0.242239907150829
-0.558503290601662,-0.568157443804628,-0.604376698290484
0.614312981974452,0.56523334849081,0.550573175819095
0.582931481884789,0.572129354942737,0.576939241723434
0.595686084230859,0.642915078309663,0.481475119955108
-0.624013028715089,-0.5396723266933,-0.565120801064039
-0.757130261501892,-0.330498946205584,-0.56349286923179
-0.680078277551829,-0.478821632755436,-0.55517869232127
-0.403003065671084,-0.649460334451989,-0.644817650993843
-0.552412446537013,-0.653888505433283,-0.516981925576919
0.450239957945367,0.495235247389613,0.742984542243177
0.558734289662588,0.790947683617592,-0.249434871930951
0.431993265660064,0.350847027084976,-0.830835833369016
0.643367378074239,0.646037619339469,0.410747868196623
0.712152014631815,0.646356978624559,0.273974751097942
0.502896909420581,0.512697251518903,0.695870840587671
-0.622387797203265,-0.537984940119409,-0.568511771291663
-0.557832660114819,-0.615514513069796,-0.556744651981209
-0.608451542632828,-0.592451325060106,-0.52800392773374
-0.204998895179381,0.0820214964771966,0.975319397474937
0.800339110027517,-0.259251599628476,0.540597740515477
-0.614500464954928,-0.542295916659112,-0.572978461501853
-0.508697311342525,-0.608209831047697,-0.609350348198651
-0.527483412511697,-0.132972356651519,-0.839094513086312
0.562904562659496,0.666013800755656,0.489452827696527
-0.548275193733527,-0.581562415336379,-0.600982087091271
-0.577882232570205,-0.667680114981228,-0.469313742967676
-0.539033755828475,-0.554658185077584,-0.633874520551102
-0.581912387698762,-0.57139203587564,-0.578696046626048
0.910978863970276,0.396600167022629,0.113251123248504
0.555561378069837,0.592274812582628,0.583576988560513
-0.634663981037327,-0.55608501119774,-0.536629380014793
0.58767729129678,0.584264620831218,0.559705506618465
0.606188700507497,0.553783546286776,0.570840646099307
-0.700808044451037,-0.502646213898917,-0.506176716657136
-0.0747643764857645,-0.756440580266544,-0.649775296956347
0.576529004604907,0.519010116652374,0.631064818906714
0.592602924382543,0.635778641076097,0.494577894334845
0.598373578365998,0.576208207495972,0.55671641104583
0.227480436119481,0.881200072988171,0.41441414376024
-0.685997058773732,-0.500569115626734,-0.528051698069856
-0.391208249265921,-0.196168625644461,-0.899151809217474
0.557786517603574,0.408329737033686,0.72259326500714
0.652104230271092,0.71146743419461,0.261866689258265
-0.674075041151087,-0.472303792007371,-0.567936587087519
0.664282190321188,0.474901683005266,0.577232676743833
0.576065396117071,0.560226119308593,0.595227145416702
0.461266973420101,0.476446010388999,0.748486458405405
0.595135746887525,0.449021199175295,0.666478360839876
0.551162377490483,0.522372483738632,0.65065122905576
0.545615957210863,0.570526479374921,0.61384262117332
-0.587525528892595,-0.590866538759478,-0.552892834348458
-0.541892128460067,-0.597072941812272,-0.591486959508541
0.562999905070017,0.564862892137864,0.60329181991537
-0.576535471158335,-0.583064598402758,-0.572400667876678
-0.582784570070628,-0.600396214109996,-0.547618965129932
0.593889287809517,0.593045956577739,0.543683738226461
-0.687043812084546,-0.306765555640763,-0.658684821556371
0.774266146869609,0.484455953245158,0.407203098191816
0.444613263243933,0.66134332473533,0.60410599481846
0.683644743677527,-0.116056907354384,0.720528041576054
-0.567098022019753,-0.571588958476962,-0.593031108769604
-0.14074741223941,-0.755356734059062,-0.640020601433686
0.442678857293869,0.592158966000487,0.673337351028612
-0.400354525503171,-0.287794277456467,-0.869994659622943
-0.598770622273219,-0.578758823327511,-0.553635228578435
0.5872121260083,-0.556745757448445,0.587550917480323
-0.630415549246717,-0.550154499070789,-0.547636980508192
0.514065757122141,0.58052792371644,-0.63144574362325
0.566842436977986,0.667275505515674,0.483149098498237
0.596619271813668,0.554379345793392,0.580266305637523
0.36105322849295,-0.515814089296444,0.776901790111271
-0.469255777583367,-0.650384286455956,-0.597326790907462
0.602051894630497,0.685973265226174,0.408624761323601
0.549402137277191,0.551708593685413,0.627514875687356
-0.562852808850162,-0.536138870447312,-0.629088091736733
-0.551314056960295,-0.625107091708519,-0.55253410256173
0.557326473533616,0.587025618769822,0.587186618381662
0.459660277060377,0.645850228869539,0.609581751336063
-0.551862010988694,-0.583744552444473,-0.595559080460467
-0.773985504295577,-0.447008077875493,-0.448475436846188
-0.240027109960964,-0.850346179515336,-0.468293029488438
0.623604026943253,0.555976407523341,0.549552774406243
0.0556540200434941,0.770198466771631,0.635371506943478
0.589860204407377,0.618905329819224,0.518672470811633
0.638974324442549,0.183145230377803,0.747107513878056
-0.569948106909364,-0.489067454182558,-0.660281894867505
0.646130744038643,0.372941044752071,0.66590542778033
0.547709562738348,0.46457471220308,0.69583372415139
-0.554823982024682,-0.654998749092974,-0.512978545025925
0.692519550877912,0.472305192909458,0.545293018846395
-0.848485669287025,0.444508759395391,0.287200333974944
-0.473787187355948,-0.55560658655106,-0.683247409126752
0.727787477703815,0.545758073747762,0.415299304401838
-0.688850374148743,-0.246372066574557,-0.681752130064086
-0.617358736049988,-0.614780513661193,-0.490829003875321
-0.642330600821832,-0.619544951699089,-0.451193364392739
0.664624214185844,0.520784590933993,0.535777998581094
-0.589266126544375,-0.484495802920464,-0.646551814675239
-0.480397787956133,-0.670298368607907,-0.56561299699391
-0.237761044194667,-0.741165585258428,-0.627808299636118
0.624221675901485,0.726478291961062,0.287361428594863
-0.555520258233425,-0.586067519557701,-0.589849222438881
-0.453347860348086,-0.70226460105844,-0.548908141329715
-0.583409218625334,-0.631814863250662,-0.510336812505745
-0.666131054173958,-0.640946065116,-0.381388988143874
-0.560529358337763,-0.58631661014106,-0.584841577791928
-0.528582829306513,-0.587002294265128,-0.613211626675324
0.535200838272353,0.549601226563388,0.641481530889697
-0.581198471156956,-0.560279486491326,-0.590165429470275
-0.63506650075559,-0.531636830795428,-0.560404157514774
-0.526452345724746,-0.6140720367512,-0.588016548543615
-0.557456221707467,-0.656741412882491,-0.507871319809206
-0.524902282043257,-0.660466081887904,-0.536900501938135
0.60017055021009,0.593308533178625,0.536451577607845
-0.565546277009241,-0.548600250933802,-0.615788253571272
-0.484894869421768,-0.338732774479931,-0.806310779477476
0.611390226702405,0.607559164442284,0.507024508672881
-0.500794555539571,-0.655181498569887,-0.565634172476912
-0.536389949073229,-0.746699883244906,-0.393351124182024
-0.444421042055038,-0.792602838747108,-0.417457395896562
-0.519369770530605,-0.738738677200564,-0.429558154697299
0.554348119075628,0.651305279841589,0.518169465838912
-0.153024870296022,0.491108385109639,0.857552297615655
0.529835617624414,0.564222555125851,0.633188065730721
0.380190524721783,0.144908497218471,0.913486011028992
-0.615649694000637,-0.563206530994664,-0.551156835866053
0.47895446563898,0.633239822284355,0.607955547156005
0.891438143901412,0.442503469399903,-0.0976151379994631
-0.719890911283373,-0.652295236705628,0.23720876885719
0.565732013925531,0.531149241291789,0.630735897103471
0.546299051385569,0.612095681099712,0.571748391894815
-0.56822171200036,-0.600046012295318,-0.563088686744696
0.882336815491677,0.132962066934065,0.451445271084578
0.731229803162553,0.484543979878989,0.480125094667926
0.675951066616524,0.576915250345806,0.45854001947313
0.552303985793295,0.580559583782991,0.598256531058843
0.0849665716090358,-0.867202804382686,-0.490652603967217
0.612200087120727,0.587896603648201,0.528761417605601
0.85710640723516,-0.508349554157406,-0.0833626862835057
-0.569524946668113,-0.642740795302655,-0.512372525782164
0.494615719089527,0.683420987813706,0.536927410219751
0.411908183353829,0.569946409117155,0.710980125756416
0.514112477176545,0.618450390902159,0.594312606970745
0.60464707147247,0.541978402436037,0.583662000007407
0.96731396537784,-0.0208992175771857,-0.252719043781153
-0.170184116603861,-0.644284891636258,-0.745610048795628
-0.452373101706198,-0.544484295681392,-0.706325299425875
0.496341589371026,0.484970703727393,0.720033640316062
0.639099760474322,0.544094707572112,0.543610564056368
-0.597107725200439,-0.563695741189841,-0.570709624827191
0.435949731531801,0.649830295631322,0.622630242163886
0.803387498466835,0.415635301312472,0.426398667458157
-0.785541017745535,-0.357683370639343,-0.504963281642723
-0.573528901209724,-0.545407136118249,-0.611224717553582
-0.676227752192266,-0.299022112992211,-0.673276914134644
0.49512350789856,0.55484101278959,0.668583698913492
0.697328015931567,0.50159337778394,0.511993868674462
-0.535675263622901,-0.544617040135919,-0.645324950343721
-0.566475890819858,-0.56415868626519,-0.600691303275969
-0.577096014862387,-0.605614541378575,-0.547897086048803
-0.561679067305213,-0.622273972927519,-0.545244649646511
0.584632213533494,0.56342989806799,0.583739603643629
0.506690385533251,0.632899475734524,0.585408495687525
-0.532147996996082,-0.550270687635533,-0.643444387357739
-0.578823384738978,-0.66177625190215,-0.476461626679059
0.492744236300686,0.594300830101423,0.635617527238837
0.552129671973754,0.572017538031765,0.606587801979428
0.5333449976166,0.559613737025984,0.63433081183966
0.580575666584432,0.810242878168708,0.0802394774841608
0.477208331545401,0.585073220204687,0.655714522717755
0.481557094307558,0.765464855032048,0.42680946642832
-0.5774417272923,-0.650693664196261,-0.493111353506009
-0.505835552567704,0.810348749927487,-0.295745324983311
0.547525377049069,0.551124811488194,0.629664516746321
0.598839481192696,0.554301570153506,0.57804934485753
-0.553622851671509,-0.586332588702292,-0.591367765043696
0.549630980854737,0.601709323786827,0.579527112871054
0.597723622112296,0.569194582426171,0.564574174848313
0.61138032910029,0.64432707860412,0.459409086726308
-0.557132919044699,-0.601283960882875,-0.572765666657608
0.654576315641221,0.667385942203788,0.355142015467513
0.535917373766084,0.579730734560443,0.613762856404388
-0.767562115153484,-0.623154147150173,-0.150090999965523
-0.523595773844596,-0.632041653763824,-0.571288730432842
0.62536257542738,0.513663358328074,0.587427956064366
0.497433421441618,0.589937013257773,0.636030118486054
0.665714157331674,0.543738967281961,0.511050483012516
-0.723476137857669,-0.535481696259584,-0.435708194691712
0.520215118348845,0.476000766788677,0.709083563945667
-0.575328303119012,-0.552880282496764,-0.602760928442195
-0.623605450872171,-0.570595332868923,-0.534356816884298
0.397219643224725,0.746999299002743,0.533112185497417
-0.479284356211528,-0.701537413119223,-0.527381990482126
0.579147907835845,0.515699599140176,0.631380728480071
-0.875477758609249,-0.425415743724901,-0.229259981618064
-0.550970318095757,-0.638262387977413,-0.537636338681483
-0.333361192248421,-0.785296099414995,-0.52170906810818
0.528205224133939,0.632869666301212,0.566105314118679
-0.556922306473716,-0.58293897841686,-0.591624620848646
-0.511830952175493,-0.719079322801239,-0.470057447462371
-0.890725870523279,-0.454408094166174,-0.0109866981761244
0.543238808116374,0.601965277070256,0.58526011529749
-0.381018695257237,-0.704916161012831,-0.598262450607929
-0.525144621729729,-0.557484116454508,-0.642988791635808
0.625004143650924,0.53545854257786,0.56802638107712
-0.437899843336035,-0.641910279733199,-0.629440163938656
0.654501237450463,0.361889288719553,0.663825483757492
0.32231306437099,0.74753665701239,0.5807781288569
-0.614062074981564,-0.594346533744816,-0.519307198000239
0.685978977265668,0.310230129476272,0.658171793314392
-0.822197203919521,-0.51789046569358,-0.236180489055738
0.525592913966556,0.57688960451453,0.625260324178029
0.568105824262208,0.563203623198836,0.600047874135941
-0.784529131000975,-0.532433895036845,-0.317849319688982
-0.582442302235735,-0.585892602430604,-0.563463240134998
-0.582871806245039,-0.488170528061533,-0.64957677992426
-0.223874967333607,-0.668314564415091,-0.709391036024591
0.527466307016421,0.551562970217238,0.64618695812249
-0.426688091148789,-0.731265088701906,-0.532154717086672
0.608176506347925,0.572865022877074,0.549497045206325
-0.529568914566628,-0.593587316647566,-0.605979258918872
-0.306428539471879,-0.938083927033004,-0.161555241448455
-0.31038905876719,-0.670851755952367,-0.673510618871925
-0.609599600919348,-0.528540530002661,-0.590790347503645
0.585784526850217,0.420442044693314,0.692881645850843
0.573996220928864,0.569949417797207,0.587950677788543
-0.562388722677764,-0.569177988961499,-0.599796083253815
-0.533543003805562,-0.509193476361689,-0.675317604332092
0.539989526815573,0.578208556468254,0.611625846540507
-0.620856137971912,-0.453938644564816,-0.639122337986445
-0.588954417971429,-0.581879032437579,-0.560847113892406
-0.591828922372647,-0.58401372885789,-0.555577619373508
-0.629945682100704,-0.584071256533183,-0.511887883129135
-0.47772341937757,-0.738461502723767,-0.475872822898259
-0.566685696237287,-0.559567394664995,-0.604774050789127
-0.591583273000661,-0.619217802260678,-0.516331816247344
-0.621713744580582,-0.566294462906451,-0.541093893036212
0.521320254627241,0.601303346173479,0.605524134940934
0.581368984877962,0.534600278733382,0.613361757366856
-0.489702897751046,-0.620424577234421,-0.612588292328313
-0.63359410637361,-0.524421864824291,-0.568805956423488
0.598100544653857,0.595992300491218,0.535788126258827
0.996297488518526,-0.0566039799117815,-0.0647093797669626
0.384899650713672,0.6015072775809,0.700029466449596
-0.547505408595011,-0.580575181051904,-0.602636114671
-0.57165649982386,-0.582326611966515,-0.578017787965676
-0.530873326383294,-0.659028809650458,-0.532780010309543
0.552965320657061,0.61106003143552,0.566422979876925
0.594829293676794,0.379916919267288,0.708407542194759
0.541817430555461,0.618478942339138,0.569137654552341
-0.574049774036918,-0.60813363449028,-0.548306793255205
-0.591994211654269,-0.555533320617765,-0.583888330977114
0.545301782097117,0.554863208994485,0.628309466541807
-0.577868932369053,-0.594961701591074,-0.558648432059471
0.566200333456519,0.587745382336153,0.577903580137947
0.573509872476425,0.481003021132643,0.663115766539557
-0.589651278974594,-0.607885901581497,-0.53177636263948
0.479267476246761,0.654628295112064,0.584606261898324
0.572099823291703,0.320732691004524,0.754872395250084
-0.549853819853308,-0.618806033437179,-0.561016817728729
0.740256664453831,0.439881863061355,0.508452571319449
0.568802164920249,0.587289502058766,0.57580824755608
