condition,model,K,train_log_likelihood,heldout_log_likelihood,heldout_nmi,heldout_single_talker_nmi,heldout_frames_active_1,heldout_frames_active_2,heldout_frames_active_3,evaluated_frames,heldout_observations,joint_frequency_count,alignment_mean_correlation,consensus_iterations,consensus_converged,failed_initial_restarts,selected_by_heldout_ll
no_driving_noise,complex_acg,1,-4.486030697567669,-4.464674563173053,0.0,0.0,840,76,18,934,934,6,0.0,0,True,0,0
car_noise,complex_acg,1,-18.999459420793496,-18.661902450392027,0.0,0.0,840,76,18,934,934,6,0.0,0,True,0,0
no_driving_noise,uniform_vmvm,1,-38.22411460427837,-38.32088414810965,0.0,0.0,840,76,18,934,934,6,0.0,0,True,0,0
car_noise,uniform_vmvm,1,-43.49044332891724,-43.46541986118292,0.0,0.0,840,76,18,934,934,6,0.0,0,True,0,0
no_driving_noise,complex_gaussian,1,303.38200315338156,290.8633125068289,0.0,0.0,840,76,18,934,934,6,0.0,0,True,0,0
car_noise,complex_gaussian,1,297.7967268535263,286.26921067248065,0.0,0.0,840,76,18,934,934,6,0.0,0,True,0,0
no_driving_noise,complex_bingham,1,-5.988762978381394,-5.754137768020112,0.0,0.0,840,76,18,934,934,6,0.0,0,True,0,0
car_noise,complex_bingham,1,-19.0574570895091,-18.7555778413309,0.0,0.0,840,76,18,934,934,6,0.0,0,True,0,0
no_driving_noise,complex_watson,1,-10.715225096121536,-10.694133000705607,0.0,0.0,840,76,18,934,934,6,0.0,0,True,0,
car_noise,complex_watson,1,-19.540337533672112,-19.351934754363473,0.0,0.0,840,76,18,934,934,6,0.0,0,True,0,
no_driving_noise,complex_acg,2,28.125478179353628,27.837897373292556,0.7054530700937364,0.7336822344474894,840,76,18,934,934,6,0.33818814176859546,3,True,0,0
car_noise,complex_acg,2,-16.870175073679164,-16.08442386716782,0.3710677187129569,0.38014658043217087,840,76,18,934,934,6,0.31459379630610224,3,False,0,0
no_driving_noise,uniform_vmvm,2,-31.613518612258854,-31.977368340313625,0.626290686783425,0.6786500683083838,840,76,18,934,934,6,0.3612319559602248,3,False,0,0
car_noise,uniform_vmvm,2,-43.10427054044568,-43.04548435435844,0.24754936236352887,0.24645524156117052,840,76,18,934,934,6,0.14994990218340273,3,False,0,0
no_driving_noise,complex_gaussian,2,338.5728997049616,328.2180378987623,0.08876067160814866,0.09448281314625563,840,76,18,934,934,6,0.23891857333396357,3,False,0,0
car_noise,complex_gaussian,2,315.6846140444043,307.470704963948,0.016908923548218144,0.012417571969395502,840,76,18,934,934,6,0.18930196166729393,3,False,0,0
no_driving_noise,complex_bingham,2,13.135791376995028,12.697347907877145,0.6551882959262826,0.7239711719984601,840,76,18,934,934,6,0.5376462792441769,3,False,0,0
car_noise,complex_bingham,2,-17.919952943263308,-17.241017185781306,0.21359813249271725,0.19995388527679778,840,76,18,934,934,6,0.25196348084438663,3,False,0,0
no_driving_noise,complex_watson,2,-3.514348385512975,-3.2512317188451534,0.6914985620034206,0.7342818495919752,840,76,18,934,934,6,0.47746667347037897,3,False,0,
car_noise,complex_watson,2,-18.642743935089577,-17.998467883040846,0.23334800011328458,0.21976433218201508,840,76,18,934,934,6,0.33031982065613086,3,False,0,
no_driving_noise,complex_acg,3,58.88115624435323,58.55321538492412,0.9442384060047488,1.0,840,76,18,934,934,6,0.9598528958282464,1,True,0,0
car_noise,complex_acg,3,-15.940601349645792,-14.938345842128447,0.4671000675052418,0.4745582418217825,840,76,18,934,934,6,0.27213608182892696,3,False,0,0
no_driving_noise,uniform_vmvm,3,-24.76272931731582,-25.359326964866092,0.8694351348203463,0.9464031278908637,840,76,18,934,934,6,0.6924416445490935,2,True,0,0
car_noise,uniform_vmvm,3,-42.77286681993763,-42.71310431216739,0.29683380767866124,0.2981580605457847,840,76,18,934,934,6,0.14175219536049222,3,False,0,0
no_driving_noise,complex_gaussian,3,361.24810456582884,345.5666910731817,0.36808180853808437,0.41153206806942194,840,76,18,934,934,6,0.2317868092216908,3,False,0,0
car_noise,complex_gaussian,3,322.6582116075603,313.6932766087675,0.31098874701467755,0.33110275090539437,840,76,18,934,934,6,0.2229096859559522,3,False,0,0
no_driving_noise,complex_bingham,3,26.035270029526686,22.383222791461662,0.9454102366746144,1.0,840,76,18,934,934,6,0.8875041624421303,3,False,0,0
car_noise,complex_bingham,3,-16.9921493992397,-16.391172266823528,0.42880127953417785,0.43086660133233484,840,76,18,934,934,6,0.21136833622889048,3,False,0,1
no_driving_noise,complex_watson,3,9.56200781562129,9.661266977911382,0.9330995581641689,0.9928123312408941,840,76,18,934,934,6,0.8320721685724469,3,True,0,
car_noise,complex_watson,3,-17.715219994356957,-17.042001906853873,0.37669498903723087,0.3775147648101283,840,76,18,934,934,6,0.23645764601409008,3,False,0,
no_driving_noise,complex_acg,4,60.72136574618457,60.41040848138529,0.8759737327354072,0.9863544962987301,840,76,18,934,934,6,0.8034720022114308,3,True,0,0
car_noise,complex_acg,4,-15.218637566244231,-14.019556289230568,0.4509223176896339,0.4569868353699635,840,76,18,934,934,6,0.2971775668232244,3,False,0,1
no_driving_noise,uniform_vmvm,4,-22.93076690293331,-23.410010009722008,0.7287264101960789,0.7899976799835111,840,76,18,934,934,6,0.6195583704508236,3,False,0,0
car_noise,uniform_vmvm,4,-42.76942594757862,-42.730319120816105,0.21289407187287054,0.21526955021141272,840,76,18,934,934,6,0.11981426382262035,3,False,0,0
no_driving_noise,complex_gaussian,4,372.2468977602117,358.34089460472444,0.5641587272821836,0.5899488232141767,840,76,18,934,934,6,0.3116563634346167,3,False,0,0
car_noise,complex_gaussian,4,327.59711454826123,318.63953588001175,0.44732322979752087,0.4732764076840194,840,76,18,934,934,6,0.26495852973195105,3,True,0,0
no_driving_noise,complex_bingham,4,39.28329583153694,38.73984094134262,0.7837241404696818,0.8824289611579075,840,76,18,934,934,6,0.7104048257228974,3,False,0,0
car_noise,complex_bingham,4,-17.25815350514619,-16.761151433656252,0.23106736315524426,0.2216232857420079,840,76,18,934,934,6,0.259995146816783,3,False,0,0
no_driving_noise,complex_watson,4,11.939607015448447,11.860078876066947,0.7953920028668737,0.8607493936745308,840,76,18,934,934,6,0.6181196426747995,3,True,0,
car_noise,complex_watson,4,-17.643747651341798,-16.70551291324009,0.3096382240965349,0.30888695343560224,840,76,18,934,934,6,0.25785297871322244,3,False,0,
no_driving_noise,complex_acg,5,61.15402376586076,60.744475787848025,0.870108052710776,0.988585716485503,840,76,18,934,934,6,0.6021080983659541,3,False,1,1
car_noise,complex_acg,5,-15.175134294597568,-14.035819446426535,0.44590231524333346,0.4575271254589436,840,76,18,934,934,6,0.2251296337106761,3,False,0,0
no_driving_noise,uniform_vmvm,5,-22.584874441323333,-23.10678449729928,0.7090604021183105,0.7658802014085094,840,76,18,934,934,6,0.4944179438652979,3,False,0,1
car_noise,uniform_vmvm,5,-42.663436997767704,-42.60336464148881,0.29472954307028154,0.2986063170755445,840,76,18,934,934,6,0.11074575359097416,3,False,0,1
no_driving_noise,complex_gaussian,5,379.1898295432434,361.58982670159264,0.49152455071442996,0.5306415973045812,840,76,18,934,934,6,0.33561936370507894,3,False,0,1
car_noise,complex_gaussian,5,328.25208643092895,320.28037902044906,0.44628340132355004,0.47140267224781135,840,76,18,934,934,6,0.2303601677559304,3,False,0,1
no_driving_noise,complex_bingham,5,40.372674119749895,39.91669894797175,0.7679231334083708,0.8634569189238792,840,76,18,934,934,6,0.5547910581788523,3,False,0,1
car_noise,complex_bingham,5,-17.15150180670147,-16.80836867778145,0.22659575791324427,0.22047168920644225,840,76,18,934,934,6,0.1979015705346259,3,False,0,0
